Hotel,Suite_Tipo,Destino,Fecha_Entrada,Fecha_Salida,Tipo_Habitacion,Tarifa_Publica_xpxn,Comision_Operadora_15pct,Tarifa_Neta_xpxn,Precio_Venta_Fenix_xpxn,Precio_Con_Tarjeta_xpxn,Precio_SPEI_Efectivo_xpxn,Menores,Beneficios,Tier_Kuani,Puntos_Kuani_xpxn,Fuente
Sunscape Puerto Vallarta,,Puerto Vallarta,2026-05-01,2026-05-04,DBL,2099.0,314.85,1784.15,1873.36,1940.8,1873.36,MNR 3-12: $563,,PREMIUM,54,BLOQUEOS_CLICK
Sunscape Puerto Vallarta,,Puerto Vallarta,2026-05-01,2026-05-04,SGL,4155.0,623.25,3531.75,3708.34,3841.84,3708.34,MNR 3-12: $563,,PREMIUM,106,BLOQUEOS_CLICK
Sunscape Puerto Vallarta,,Puerto Vallarta,2026-05-01,2026-05-04,TPL,2092.0,313.8,1778.2,1867.11,1934.33,1867.11,MNR 3-12: $563,,PREMIUM,53,BLOQUEOS_CLICK
AZUL IXTAPA,,Ixtapa,2026-05-03,2026-05-05,DBL,2599.0,389.85,2209.15,2319.61,2403.12,2319.61,GRATIS(0-12),DESAYUNO A LA LLEGADA,PREMIUM,66,BLOQUEOS_COMPARTIR
AZUL IXTAPA,,Ixtapa,2026-05-03,2026-05-05,SGL,3649.0,547.35,3101.65,3256.73,3373.97,3256.73,GRATIS(0-12),DESAYUNO A LA LLEGADA,PREMIUM,93,BLOQUEOS_COMPARTIR
AZUL IXTAPA,,Ixtapa,2026-05-03,2026-05-05,TPL,2432.0,364.8,2067.2,2170.56,2248.7,2170.56,GRATIS(0-12),DESAYUNO A LA LLEGADA,PREMIUM,62,BLOQUEOS_COMPARTIR
FONTAN IXTAPA,,Ixtapa,2026-05-03,2026-05-05,DBL,1743.0,261.45,1481.55,1555.63,1611.63,1555.63,490(6-12)2x1,DESAYUNO AMERICANO EN CORTESIA / CONFIRMACION INMEDIATA,ESTANDAR,30,BLOQUEOS_COMPARTIR
FONTAN IXTAPA,,Ixtapa,2026-05-03,2026-05-06,DBL,1805.0,270.75,1534.25,1610.96,1668.95,1610.96,490 (6-12),,ESTANDAR,31,BLOQUEOS_COMPARTIR
FONTAN IXTAPA,,Ixtapa,2026-05-03,2026-05-05,SGL,2731.0,409.65,2321.35,2437.42,2525.17,2437.42,490(6-12)2x1,DESAYUNO AMERICANO EN CORTESIA / CONFIRMACION INMEDIATA,ESTANDAR,46,BLOQUEOS_COMPARTIR
FONTAN IXTAPA,,Ixtapa,2026-05-03,2026-05-06,SGL,3435.0,515.25,2919.75,3065.74,3176.11,3065.74,490 (6-12),,ESTANDAR,58,BLOQUEOS_COMPARTIR
FONTAN IXTAPA,,Ixtapa,2026-05-03,2026-05-05,TPL,1665.0,249.75,1415.25,1486.01,1539.51,1486.01,490(6-12)2x1,DESAYUNO AMERICANO EN CORTESIA / CONFIRMACION INMEDIATA,ESTANDAR,28,BLOQUEOS_COMPARTIR
FONTAN IXTAPA,,Ixtapa,2026-05-03,2026-05-06,TPL,1650.0,247.5,1402.5,1472.62,1525.63,1472.62,490 (6-12),,ESTANDAR,28,BLOQUEOS_COMPARTIR
KRYSTAL PUERTO VALLARTA,,Puerto Vallarta,2026-05-03,2026-05-05,DBL,1845.0,276.75,1568.25,1646.66,1705.94,1646.66,900(6-12),,PREMIUM,47,BLOQUEOS_COMPARTIR
KRYSTAL PUERTO VALLARTA,,Puerto Vallarta,2026-05-03,2026-05-05,SGL,3690.0,553.5,3136.5,3293.33,3411.89,3293.33,900(6-12),,PREMIUM,94,BLOQUEOS_COMPARTIR
KRYSTAL PUERTO VALLARTA,,Puerto Vallarta,2026-05-03,2026-05-05,TPL,1755.0,263.25,1491.75,1566.34,1622.73,1566.34,900(6-12),,PREMIUM,45,BLOQUEOS_COMPARTIR
PARK ROYAL IXTAPA,,Ixtapa,2026-05-03,2026-05-05,DBL,2050.0,307.5,1742.5,1829.62,1895.49,1829.62,613(7-12),CONFIRMACION INMEDIATA,PREMIUM,52,BLOQUEOS_COMPARTIR
PARK ROYAL IXTAPA,,Ixtapa,2026-05-03,2026-05-05,SGL,4100.0,615.0,3485.0,3659.25,3790.98,3659.25,613(7-12),CONFIRMACION INMEDIATA,PREMIUM,105,BLOQUEOS_COMPARTIR
PARK ROYAL IXTAPA,,Ixtapa,2026-05-03,2026-05-05,TPL,1988.0,298.2,1689.8,1774.29,1838.16,1774.29,613(7-12),CONFIRMACION INMEDIATA,PREMIUM,51,BLOQUEOS_COMPARTIR
Riu Emerald Bay,,Mazatlán,2026-05-03,2026-05-06,DBL,2317.0,347.55,1969.45,2067.92,2142.37,2067.92,MNR 5-12: $812,,PREMIUM,59,BLOQUEOS_CLICK
Riu Emerald Bay,,Mazatlán,2026-05-03,2026-05-06,SGL,3359.0,503.85,2855.15,2997.91,3105.83,2997.91,MNR 5-12: $812,,PREMIUM,86,BLOQUEOS_CLICK
Riu Emerald Bay,,Mazatlán,2026-05-03,2026-05-06,TPL,2124.0,318.6,1805.4,1895.67,1963.91,1895.67,MNR 5-12: $812,,PREMIUM,54,BLOQUEOS_CLICK
Vamar Vallarta,,Puerto Vallarta,2026-05-03,2026-05-06,DBL,1991.0,298.65,1692.35,1776.97,1840.94,1776.97,SIN MENORES,,PREMIUM,51,BLOQUEOS_CLICK
HOLIDAY INN IXTAPA,,Ixtapa,2026-05-07,2026-05-10,DBL,2312.0,346.8,1965.2,2063.46,2137.74,2063.46,GRATIS(6-12),DESAYUNO A LA LLEGADA,PREMIUM,59,BLOQUEOS_COMPARTIR
HOLIDAY INN IXTAPA,,Ixtapa,2026-05-07,2026-05-10,SGL,4624.0,693.6,3930.4,4126.92,4275.49,4126.92,GRATIS(6-12),DESAYUNO A LA LLEGADA,PREMIUM,118,BLOQUEOS_COMPARTIR
HOLIDAY INN IXTAPA,,Ixtapa,2026-05-07,2026-05-10,TPL,2312.0,346.8,1965.2,2063.46,2137.74,2063.46,GRATIS(6-12),DESAYUNO A LA LLEGADA,PREMIUM,59,BLOQUEOS_COMPARTIR
AZUL GRAND,,Ixtapa,2026-05-08,2026-05-10,DBL,3299.0,494.85,2804.15,2944.36,3050.36,2944.36,699(7-12) 299(3-6),,LUXURY,112,BLOQUEOS_COMPARTIR
AZUL GRAND,,Ixtapa,2026-05-08,2026-05-10,SGL,4599.0,689.85,3909.15,4104.61,4252.38,4104.61,699(7-12) 299(3-6),,LUXURY,156,BLOQUEOS_COMPARTIR
AZUL GRAND,,Ixtapa,2026-05-08,2026-05-10,TPL,3082.0,462.3,2619.7,2750.68,2849.7,2750.68,699(7-12) 299(3-6),,LUXURY,105,BLOQUEOS_COMPARTIR
AZUL IXTAPA,,Ixtapa,2026-05-08,2026-05-10,DBL,2899.0,434.85,2464.15,2587.36,2680.5,2587.36,599(7-12) 199(3-6),,PREMIUM,74,BLOQUEOS_COMPARTIR
AZUL IXTAPA,,Ixtapa,2026-05-08,2026-05-10,SGL,4049.0,607.35,3441.65,3613.73,3743.82,3613.73,599(7-12) 199(3-6),,PREMIUM,103,BLOQUEOS_COMPARTIR
AZUL IXTAPA,,Ixtapa,2026-05-08,2026-05-10,TPL,2699.0,404.85,2294.15,2408.86,2495.58,2408.86,599(7-12) 199(3-6),,PREMIUM,69,BLOQUEOS_COMPARTIR
BRISAS IXTAPA,,Ixtapa,2026-05-08,2026-05-10,DBL,2594.0,389.1,2204.9,2315.14,2398.49,2315.14,1125(7-12)2x1,,PREMIUM,66,BLOQUEOS_COMPARTIR
BRISAS IXTAPA,,Ixtapa,2026-05-08,2026-05-10,SGL,4063.0,609.45,3453.55,3626.23,3756.77,3626.23,1125(7-12)2x1,,PREMIUM,104,BLOQUEOS_COMPARTIR
BRISAS IXTAPA,,Ixtapa,2026-05-08,2026-05-10,TPL,2279.0,341.85,1937.15,2034.01,2107.23,2034.01,1125(7-12)2x1,,PREMIUM,58,BLOQUEOS_COMPARTIR
EMPORIO IXTAPA / VISTA AL MAR,,Ixtapa,2026-05-08,2026-05-10,DBL,2225.0,333.75,1891.25,1985.81,2057.3,1985.81,819(6-12),SUPLEMENTO OBLIGATORIO DIA DE LAS MADRES ADL $395 / MNRS $240,PREMIUM,57,BLOQUEOS_COMPARTIR
EMPORIO IXTAPA / VISTA AL MAR,,Ixtapa,2026-05-08,2026-05-10,SGL,3643.0,546.45,3096.55,3251.38,3368.43,3251.38,819(6-12),SUPLEMENTO OBLIGATORIO DIA DE LAS MADRES ADL $395 / MNRS $240,PREMIUM,93,BLOQUEOS_COMPARTIR
EMPORIO IXTAPA / VISTA AL MAR,,Ixtapa,2026-05-08,2026-05-10,TPL,2040.0,306.0,1734.0,1820.7,1886.25,1820.7,819(6-12),SUPLEMENTO OBLIGATORIO DIA DE LAS MADRES ADL $395 / MNRS $240,PREMIUM,52,BLOQUEOS_COMPARTIR
FONTAN IXTAPA,,Ixtapa,2026-05-08,2026-05-10,DBL,1875.0,281.25,1593.75,1673.44,1733.68,1673.44,490(6-12)2x1,DESAYUNO AMERICANO EN CORTESIA,ESTANDAR,32,BLOQUEOS_COMPARTIR
FONTAN IXTAPA,,Ixtapa,2026-05-08,2026-05-10,SGL,3435.0,515.25,2919.75,3065.74,3176.11,3065.74,490(6-12)2x1,DESAYUNO AMERICANO EN CORTESIA,ESTANDAR,58,BLOQUEOS_COMPARTIR
FONTAN IXTAPA,,Ixtapa,2026-05-08,2026-05-10,TPL,1730.0,259.5,1470.5,1544.03,1599.62,1544.03,490(6-12)2x1,DESAYUNO AMERICANO EN CORTESIA,ESTANDAR,29,BLOQUEOS_COMPARTIR
Holiday Inn Resort Ixtapa,,Ixtapa,2026-05-08,2026-05-10,DBL,2500,375.0,2125.0,2231.25,2311.58,2231.25,GRATIS (0-12 años),Early check in + Menores Gratis 0-12,PREMIUM,64,MONARCA_FLYER
Holiday Inn Resort Ixtapa,,Ixtapa,2026-05-08,2026-05-10,SGL,5000,750.0,4250.0,4462.5,4623.15,4462.5,GRATIS (0-12 años),Early check in + Menores Gratis 0-12,PREMIUM,128,MONARCA_FLYER
Holiday Inn Resort Ixtapa,,Ixtapa,2026-05-08,2026-05-10,TPL,2500,375.0,2125.0,2231.25,2311.58,2231.25,GRATIS (0-12 años),Early check in + Menores Gratis 0-12,PREMIUM,64,MONARCA_FLYER
Krystal Grand Nuevo Vallarta,,Riviera Nayarit,2026-05-08,2026-05-11,DBL,2550.0,382.5,2167.5,2275.88,2357.81,2275.88,MNR 4-12 GRATIS,,LUXURY,87,BLOQUEOS_CLICK
Krystal Grand Nuevo Vallarta,,Riviera Nayarit,2026-05-08,2026-05-11,SGL,4335.0,650.25,3684.75,3868.99,4008.27,3868.99,MNR 4-12 GRATIS,,LUXURY,147,BLOQUEOS_CLICK
Krystal Grand Nuevo Vallarta,,Riviera Nayarit,2026-05-08,2026-05-11,TPL,2380.0,357.0,2023.0,2124.15,2200.62,2124.15,MNR 4-12 GRATIS,,LUXURY,81,BLOQUEOS_CLICK
PARK ROYAL IXTAPA,,Ixtapa,2026-05-08,2026-05-10,DBL,2290.0,343.5,1946.5,2043.83,2117.41,2043.83,700(7-12),,PREMIUM,58,BLOQUEOS_COMPARTIR
PARK ROYAL IXTAPA,,Ixtapa,2026-05-08,2026-05-10,SGL,4580.0,687.0,3893.0,4087.65,4234.81,4087.65,700(7-12),,PREMIUM,117,BLOQUEOS_COMPARTIR
PARK ROYAL IXTAPA,,Ixtapa,2026-05-08,2026-05-10,TPL,2228.0,334.2,1893.8,1988.49,2060.08,1988.49,700(7-12),,PREMIUM,57,BLOQUEOS_COMPARTIR
QUALTON IXTAPA,,Ixtapa,2026-05-08,2026-05-10,DBL,2099.0,314.85,1784.15,1873.36,1940.8,1873.36,599(6-12)2x1,CONFIRMACION INMEDIATA,PREMIUM,54,BLOQUEOS_COMPARTIR
QUALTON IXTAPA,,Ixtapa,2026-05-08,2026-05-10,SGL,3398.0,509.7,2888.3,3032.72,3141.9,3032.72,599(6-12)2x1,CONFIRMACION INMEDIATA,PREMIUM,87,BLOQUEOS_COMPARTIR
QUALTON IXTAPA,,Ixtapa,2026-05-08,2026-05-10,TPL,1999.0,299.85,1699.15,1784.11,1848.34,1784.11,599(6-12)2x1,CONFIRMACION INMEDIATA,PREMIUM,51,BLOQUEOS_COMPARTIR
Sheraton Buganvilias,,Puerto Vallarta,2026-05-08,2026-05-11,DBL,3590.0,538.5,3051.5,3204.08,3319.43,3204.08,MNR 6-12 GRATIS,,LUXURY,122,BLOQUEOS_CLICK
Sheraton Buganvilias,,Puerto Vallarta,2026-05-08,2026-05-11,SGL,6050.0,907.5,5142.5,5399.62,5594.01,5399.62,MNR 6-12 GRATIS,,LUXURY,206,BLOQUEOS_CLICK
Sheraton Buganvilias,,Puerto Vallarta,2026-05-08,2026-05-11,TPL,3290.0,493.5,2796.5,2936.33,3042.04,2936.33,MNR 6-12 GRATIS,,LUXURY,112,BLOQUEOS_CLICK
EMPORIO IXTAPA,,Ixtapa,2026-05-10,2026-05-12,DBL,2015.0,302.25,1712.75,1798.39,1863.13,1798.39,819(6-12)2x1,"EARLY CHECK IN PARA USO DE INSTALACIONES, NO INCLUYE DESAYUNO(ENTREGAD DE HABITACIONES 15:00 HRS)",PREMIUM,51,BLOQUEOS_COMPARTIR
EMPORIO IXTAPA,,Ixtapa,2026-05-10,2026-05-12,SGL,3223.0,483.45,2739.55,2876.53,2980.09,2876.53,819(6-12)2x1,"EARLY CHECK IN PARA USO DE INSTALACIONES, NO INCLUYE DESAYUNO(ENTREGAD DE HABITACIONES 15:00 HRS)",PREMIUM,82,BLOQUEOS_COMPARTIR
EMPORIO IXTAPA,,Ixtapa,2026-05-10,2026-05-12,TPL,1900.0,285.0,1615.0,1695.75,1756.8,1695.75,819(6-12)2x1,"EARLY CHECK IN PARA USO DE INSTALACIONES, NO INCLUYE DESAYUNO(ENTREGAD DE HABITACIONES 15:00 HRS)",PREMIUM,48,BLOQUEOS_COMPARTIR
HOLIDAY INN,,Ixtapa,2026-05-10,2026-05-13,DBL,2407.0,361.05,2045.95,2148.25,2225.59,2148.25,GRATIS(0-12),EARLY CHECK IN,PREMIUM,61,BLOQUEOS_COMPARTIR
HOLIDAY INN,,Ixtapa,2026-05-10,2026-05-13,SGL,4814.0,722.1,4091.9,4296.49,4451.16,4296.49,GRATIS(0-12),EARLY CHECK IN,PREMIUM,123,BLOQUEOS_COMPARTIR
HOLIDAY INN,,Ixtapa,2026-05-10,2026-05-13,TPL,2407.0,361.05,2045.95,2148.25,2225.59,2148.25,GRATIS(0-12),EARLY CHECK IN,PREMIUM,61,BLOQUEOS_COMPARTIR
Oceano Palace,,Mazatlán,2026-05-10,2026-05-13,DBL,1842.0,276.3,1565.7,1643.99,1703.17,1643.99,MNR 6-12 GRATIS,,PREMIUM,47,BLOQUEOS_CLICK
Oceano Palace,,Mazatlán,2026-05-10,2026-05-13,SGL,2763.0,414.45,2348.55,2465.98,2554.76,2465.98,MNR 6-12 GRATIS,,PREMIUM,70,BLOQUEOS_CLICK
Oceano Palace,,Mazatlán,2026-05-10,2026-05-13,TPL,1745.0,261.75,1483.25,1557.41,1613.48,1557.41,MNR 6-12 GRATIS,,PREMIUM,44,BLOQUEOS_CLICK
Pueblo Bonito Mazatlan,,Mazatlán,2026-05-10,2026-05-13,DBL,2099.0,314.85,1784.15,1873.36,1940.8,1873.36,MNR 5-11 GRATIS,,PREMIUM,54,BLOQUEOS_CLICK
Pueblo Bonito Mazatlan,,Mazatlán,2026-05-10,2026-05-13,SGL,3860.0,579.0,3281.0,3445.05,3569.07,3445.05,MNR 5-11 GRATIS,,PREMIUM,98,BLOQUEOS_CLICK
Pueblo Bonito Mazatlan,,Mazatlán,2026-05-10,2026-05-13,TPL,2029.0,304.35,1724.65,1810.88,1876.07,1810.88,MNR 5-11 GRATIS,,PREMIUM,52,BLOQUEOS_CLICK
Riu Jalisco,,Riviera Nayarit,2026-05-10,2026-05-13,DBL,2599.0,389.85,2209.15,2319.61,2403.12,2319.61,MNR 5-12: $1299,,PREMIUM,66,BLOQUEOS_CLICK
Riu Jalisco,,Riviera Nayarit,2026-05-10,2026-05-13,SGL,3769.0,565.35,3203.65,3363.83,3484.93,3363.83,MNR 5-12: $1299,,PREMIUM,96,BLOQUEOS_CLICK
Riu Jalisco,,Riviera Nayarit,2026-05-10,2026-05-13,TPL,2383.0,357.45,2025.55,2126.83,2203.4,2126.83,MNR 5-12: $1299,,PREMIUM,61,BLOQUEOS_CLICK
Sunscape Dorado Ixtapa,,Ixtapa,2026-05-10,2026-05-12,DBL,2263.0,339.45,1923.55,2019.73,2092.44,2019.73,MNR 3-12: $535,,PREMIUM,58,BLOQUEOS_CLICK
Sunscape Dorado Ixtapa,,Ixtapa,2026-05-10,2026-05-12,SGL,3394.0,509.1,2884.9,3029.15,3138.2,3029.15,MNR 3-12: $535,,PREMIUM,87,BLOQUEOS_CLICK
Sunscape Dorado Ixtapa,,Ixtapa,2026-05-10,2026-05-12,TPL,2112.0,316.8,1795.2,1884.96,1952.82,1884.96,MNR 3-12: $535,,PREMIUM,54,BLOQUEOS_CLICK
Costa Club Punta Arena,,Puerto Vallarta,2026-05-14,2026-05-17,DBL,1595.0,239.25,1355.75,1423.54,1474.79,1423.54,MNR 6-12 GRATIS,,PREMIUM,41,BLOQUEOS_CLICK
Costa Club Punta Arena,,Puerto Vallarta,2026-05-14,2026-05-17,SGL,2395.0,359.25,2035.75,2137.54,2214.49,2137.54,MNR 6-12 GRATIS,,PREMIUM,61,BLOQUEOS_CLICK
Costa Club Punta Arena,,Puerto Vallarta,2026-05-14,2026-05-17,TPL,1575.0,236.25,1338.75,1405.69,1456.29,1405.69,MNR 6-12 GRATIS,,PREMIUM,40,BLOQUEOS_CLICK
Hotel Xcaret Mexico,Suite Garden / All Fun Inclusive,Riviera Maya,2026-05-14,2026-05-17,DBL,7667,1150.05,6516.95,6842.8,7089.14,6842.8,"JR(13-17): $2,687 | MNR hasta 12 GRATIS",Todo Incluido All Fun Inclusive | Parques incluidos | Xcaret Arte Show,PREMIUM PLUS,261,IMAGEN_XCARET
Hotel Xcaret Mexico,Suite Garden / All Fun Inclusive,Riviera Maya,2026-05-14,2026-05-17,SGL,15334,2300.1,13033.9,13685.59,14178.27,13685.59,"JR(13-17): $2,687 | MNR hasta 12 GRATIS",Todo Incluido All Fun Inclusive | Parques incluidos | Xcaret Arte Show,PREMIUM PLUS,521,IMAGEN_XCARET
Hotel Xcaret Mexico,Suite Garden / All Fun Inclusive,Riviera Maya,2026-05-14,2026-05-17,TPL,6900,1035.0,5865.0,6158.25,6379.95,6158.25,"JR(13-17): $2,687 | MNR hasta 12 GRATIS",Todo Incluido All Fun Inclusive | Parques incluidos | Xcaret Arte Show,PREMIUM PLUS,235,IMAGEN_XCARET
Iberostar Playa Mita,,Riviera Nayarit,2026-05-14,2026-05-17,DBL,2928.0,439.2,2488.8,2613.24,2707.32,2613.24,MNR 3-12: $1464,,LUXURY,100,BLOQUEOS_CLICK
Iberostar Playa Mita,,Riviera Nayarit,2026-05-14,2026-05-17,SGL,4392.0,658.8,3733.2,3919.86,4060.97,3919.86,MNR 3-12: $1464,,LUXURY,149,BLOQUEOS_CLICK
Iberostar Playa Mita,,Riviera Nayarit,2026-05-14,2026-05-17,TPL,2684.0,402.6,2281.4,2395.47,2481.71,2395.47,MNR 3-12: $1464,,LUXURY,91,BLOQUEOS_CLICK
Melia Puerto Vallarta,,Puerto Vallarta,2026-05-14,2026-05-17,DBL,2199.0,329.85,1869.15,1962.61,2033.26,1962.61,MNR 5-12 GRATIS,,PREMIUM,56,BLOQUEOS_CLICK
Melia Puerto Vallarta,,Puerto Vallarta,2026-05-14,2026-05-17,SGL,3999.0,599.85,3399.15,3569.11,3697.6,3569.11,MNR 5-12 GRATIS,,PREMIUM,102,BLOQUEOS_CLICK
Melia Puerto Vallarta,,Puerto Vallarta,2026-05-14,2026-05-17,TPL,2199.0,329.85,1869.15,1962.61,2033.26,1962.61,MNR 5-12 GRATIS,,PREMIUM,56,BLOQUEOS_CLICK
AZUL IXTAPA,,Ixtapa,2026-05-15,2026-05-17,DBL,2899.0,434.85,2464.15,2587.36,2680.5,2587.36,599(7-12) 199(3-6),,PREMIUM,74,BLOQUEOS_COMPARTIR
AZUL IXTAPA,,Ixtapa,2026-05-15,2026-05-17,SGL,4049.0,607.35,3441.65,3613.73,3743.82,3613.73,599(7-12) 199(3-6),,PREMIUM,103,BLOQUEOS_COMPARTIR
AZUL IXTAPA,,Ixtapa,2026-05-15,2026-05-17,TPL,2699.0,404.85,2294.15,2408.86,2495.58,2408.86,599(7-12) 199(3-6),,PREMIUM,69,BLOQUEOS_COMPARTIR
Sunscape Dorado Ixtapa,,Ixtapa,2026-05-15,2026-05-17,DBL,2494.0,374.1,2119.9,2225.89,2306.02,2225.89,MNR 3-12: $738,,PREMIUM,64,BLOQUEOS_CLICK
Sunscape Dorado Ixtapa,,Ixtapa,2026-05-15,2026-05-17,SGL,3741.0,561.15,3179.85,3338.84,3459.04,3338.84,MNR 3-12: $738,,PREMIUM,95,BLOQUEOS_CLICK
Sunscape Dorado Ixtapa,,Ixtapa,2026-05-15,2026-05-17,TPL,2328.0,349.2,1978.8,2077.74,2152.54,2077.74,MNR 3-12: $738,,PREMIUM,59,BLOQUEOS_CLICK
Tesoro Ixtapa,,Ixtapa,2026-05-15,2026-05-17,DBL,2150.0,322.5,1827.5,1918.88,1987.96,1918.88,MNR 5-12: $599,,PREMIUM,55,BLOQUEOS_CLICK
Tesoro Ixtapa,,Ixtapa,2026-05-15,2026-05-17,SGL,4299.0,644.85,3654.15,3836.86,3974.99,3836.86,MNR 5-12: $599,,PREMIUM,110,BLOQUEOS_CLICK
Tesoro Ixtapa,,Ixtapa,2026-05-15,2026-05-17,TPL,2147.0,322.05,1824.95,1916.2,1985.18,1916.2,MNR 5-12: $599,,PREMIUM,55,BLOQUEOS_CLICK
EMPORIO IXTAPA,,Ixtapa,2026-05-17,2026-05-19,DBL,2015.0,302.25,1712.75,1798.39,1863.13,1798.39,819(6-12)2x1,"EARLY CHECK IN PARA USO DE INSTALACIONES, NO INCLUYE DESAYUNO(ENTREGAD DE HABITACIONES 15:00 HRS)",PREMIUM,51,BLOQUEOS_COMPARTIR
EMPORIO IXTAPA,,Ixtapa,2026-05-17,2026-05-19,SGL,3223.0,483.45,2739.55,2876.53,2980.09,2876.53,819(6-12)2x1,"EARLY CHECK IN PARA USO DE INSTALACIONES, NO INCLUYE DESAYUNO(ENTREGAD DE HABITACIONES 15:00 HRS)",PREMIUM,82,BLOQUEOS_COMPARTIR
EMPORIO IXTAPA,,Ixtapa,2026-05-17,2026-05-19,TPL,1900.0,285.0,1615.0,1695.75,1756.8,1695.75,819(6-12)2x1,"EARLY CHECK IN PARA USO DE INSTALACIONES, NO INCLUYE DESAYUNO(ENTREGAD DE HABITACIONES 15:00 HRS)",PREMIUM,48,BLOQUEOS_COMPARTIR
FONTAN IXTAPA,,Ixtapa,2026-05-17,2026-05-20,DBL,1780.0,267.0,1513.0,1588.65,1645.84,1588.65,490(6-12),DESAYUNO AMERICANO EN CORTESIA,ESTANDAR,30,BLOQUEOS_COMPARTIR
FONTAN IXTAPA,,Ixtapa,2026-05-17,2026-05-20,SGL,3649.0,547.35,3101.65,3256.73,3373.97,3256.73,490(6-12),DESAYUNO AMERICANO EN CORTESIA,ESTANDAR,62,BLOQUEOS_COMPARTIR
FONTAN IXTAPA,,Ixtapa,2026-05-17,2026-05-20,TPL,1665.0,249.75,1415.25,1486.01,1539.51,1486.01,490(6-12),DESAYUNO AMERICANO EN CORTESIA,ESTANDAR,28,BLOQUEOS_COMPARTIR
PARK ROYAL IXTAPA,,Ixtapa,2026-05-17,2026-05-19,DBL,2458.0,368.7,2089.3,2193.77,2272.75,2193.77,550(7-12) 2x1,,PREMIUM,63,BLOQUEOS_COMPARTIR
PARK ROYAL IXTAPA,,Ixtapa,2026-05-17,2026-05-19,SGL,4915.0,737.25,4177.75,4386.64,4544.56,4386.64,550(7-12) 2x1,,PREMIUM,125,BLOQUEOS_COMPARTIR
PARK ROYAL IXTAPA,,Ixtapa,2026-05-17,2026-05-19,TPL,2408.0,361.2,2046.8,2149.14,2226.51,2149.14,550(7-12) 2x1,,PREMIUM,61,BLOQUEOS_COMPARTIR
Sunscape Puerto Vallarta,,Puerto Vallarta,2026-05-18,2026-05-21,DBL,2079.0,311.85,1767.15,1855.51,1922.31,1855.51,MNR 3-12: $480,,PREMIUM,53,BLOQUEOS_CLICK
Sunscape Puerto Vallarta,,Puerto Vallarta,2026-05-18,2026-05-21,SGL,3743.0,561.45,3181.55,3340.63,3460.89,3340.63,MNR 3-12: $480,,PREMIUM,95,BLOQUEOS_CLICK
Sunscape Puerto Vallarta,,Puerto Vallarta,2026-05-18,2026-05-21,TPL,2009.0,301.35,1707.65,1793.03,1857.58,1793.03,MNR 3-12: $480,,PREMIUM,51,BLOQUEOS_CLICK
Grand Decameron Bucerias,,Riviera Nayarit,2026-05-20,2026-05-23,DBL,1891.0,283.65,1607.35,1687.72,1748.48,1687.72,MNR 5-12: $832,,LUXURY,64,BLOQUEOS_CLICK
Grand Decameron Bucerias,,Riviera Nayarit,2026-05-20,2026-05-23,SGL,3215.0,482.25,2732.75,2869.39,2972.69,2869.39,MNR 5-12: $832,,LUXURY,109,BLOQUEOS_CLICK
Grand Decameron Bucerias,,Riviera Nayarit,2026-05-20,2026-05-23,TPL,1891.0,283.65,1607.35,1687.72,1748.48,1687.72,MNR 5-12: $832,,LUXURY,64,BLOQUEOS_CLICK
Riu Emerald Bay,,Mazatlán,2026-05-21,2026-05-24,DBL,2574.0,386.1,2187.9,2297.3,2380.0,2297.3,MNR 5-12: $901,,PREMIUM,66,BLOQUEOS_CLICK
Riu Emerald Bay,,Mazatlán,2026-05-21,2026-05-24,SGL,3732.0,559.8,3172.2,3330.81,3450.72,3330.81,MNR 5-12: $901,,PREMIUM,95,BLOQUEOS_CLICK
Riu Emerald Bay,,Mazatlán,2026-05-21,2026-05-24,TPL,2360.0,354.0,2006.0,2106.3,2182.13,2106.3,MNR 5-12: $901,,PREMIUM,60,BLOQUEOS_CLICK
Azul Grand Ixtapa,,Ixtapa,2026-05-22,2026-05-24,DBL,2999,449.85,2549.15,2676.61,2772.97,2676.61,3-6: $299 | 7-12: $699,Venta controlada,LUXURY,102,MONARCA_FLYER
Azul Grand Ixtapa,,Ixtapa,2026-05-22,2026-05-24,SGL,4199,629.85,3569.15,3747.61,3882.52,3747.61,3-6: $299 | 7-12: $699,Venta controlada,LUXURY,143,MONARCA_FLYER
Azul Grand Ixtapa,,Ixtapa,2026-05-22,2026-05-24,TPL,2799,419.85,2379.15,2498.11,2588.04,2498.11,3-6: $299 | 7-12: $699,Venta controlada,LUXURY,95,MONARCA_FLYER
Azul Ixtapa,,Ixtapa,2026-05-22,2026-05-24,DBL,2599,389.85,2209.15,2319.61,2403.12,2319.61,3-6: $199 | 7-12: $599,Venta controlada,PREMIUM,66,MONARCA_FLYER
Azul Ixtapa,,Ixtapa,2026-05-22,2026-05-24,SGL,3649,547.35,3101.65,3256.73,3373.97,3256.73,3-6: $199 | 7-12: $599,Venta controlada,PREMIUM,93,MONARCA_FLYER
Azul Ixtapa,,Ixtapa,2026-05-22,2026-05-24,TPL,2433,364.95,2068.05,2171.45,2249.62,2171.45,3-6: $199 | 7-12: $599,Venta controlada,PREMIUM,62,MONARCA_FLYER
BRISAS IXTAPA,,Ixtapa,2026-05-22,2026-05-24,DBL,2594.0,389.1,2204.9,2315.14,2398.49,2315.14,1125(7-12)2x1,,PREMIUM,66,BLOQUEOS_COMPARTIR
BRISAS IXTAPA,,Ixtapa,2026-05-22,2026-05-24,SGL,4063.0,609.45,3453.55,3626.23,3756.77,3626.23,1125(7-12)2x1,,PREMIUM,104,BLOQUEOS_COMPARTIR
BRISAS IXTAPA,,Ixtapa,2026-05-22,2026-05-24,TPL,2279.0,341.85,1937.15,2034.01,2107.23,2034.01,1125(7-12)2x1,,PREMIUM,58,BLOQUEOS_COMPARTIR
Holiday Inn Resort Ixtapa,,Ixtapa,2026-05-22,2026-05-24,DBL,2500,375.0,2125.0,2231.25,2311.58,2231.25,GRATIS (0-12 años),Early check in + Menores Gratis 0-12,PREMIUM,64,MONARCA_FLYER
Holiday Inn Resort Ixtapa,,Ixtapa,2026-05-22,2026-05-24,SGL,5000,750.0,4250.0,4462.5,4623.15,4462.5,GRATIS (0-12 años),Early check in + Menores Gratis 0-12,PREMIUM,128,MONARCA_FLYER
Holiday Inn Resort Ixtapa,,Ixtapa,2026-05-22,2026-05-24,TPL,2500,375.0,2125.0,2231.25,2311.58,2231.25,GRATIS (0-12 años),Early check in + Menores Gratis 0-12,PREMIUM,64,MONARCA_FLYER
EMPORIO IXTAPA,,Ixtapa,2026-05-24,2026-05-26,DBL,2015.0,302.25,1712.75,1798.39,1863.13,1798.39,819(6-12)2x1,"EARLY CHECK IN PARA USO DE INSTALACIONES, NO INCLUYE DESAYUNO(ENTREGAD DE HABITACIONES 15:00 HRS)",PREMIUM,51,BLOQUEOS_COMPARTIR
EMPORIO IXTAPA,,Ixtapa,2026-05-24,2026-05-26,SGL,3223.0,483.45,2739.55,2876.53,2980.09,2876.53,819(6-12)2x1,"EARLY CHECK IN PARA USO DE INSTALACIONES, NO INCLUYE DESAYUNO(ENTREGAD DE HABITACIONES 15:00 HRS)",PREMIUM,82,BLOQUEOS_COMPARTIR
EMPORIO IXTAPA,,Ixtapa,2026-05-24,2026-05-26,TPL,1900.0,285.0,1615.0,1695.75,1756.8,1695.75,819(6-12)2x1,"EARLY CHECK IN PARA USO DE INSTALACIONES, NO INCLUYE DESAYUNO(ENTREGAD DE HABITACIONES 15:00 HRS)",PREMIUM,48,BLOQUEOS_COMPARTIR
Azul Grand Ixtapa,,Ixtapa,2026-05-29,2026-05-31,DBL,2999,449.85,2549.15,2676.61,2772.97,2676.61,3-6: $299 | 7-12: $699,Venta controlada,LUXURY,102,MONARCA_FLYER
Azul Grand Ixtapa,,Ixtapa,2026-05-29,2026-05-31,SGL,4199,629.85,3569.15,3747.61,3882.52,3747.61,3-6: $299 | 7-12: $699,Venta controlada,LUXURY,143,MONARCA_FLYER
Azul Grand Ixtapa,,Ixtapa,2026-05-29,2026-05-31,TPL,2799,419.85,2379.15,2498.11,2588.04,2498.11,3-6: $299 | 7-12: $699,Venta controlada,LUXURY,95,MONARCA_FLYER
BRISAS IXTAPA,,Ixtapa,2026-05-29,2026-05-31,DBL,2594.0,389.1,2204.9,2315.14,2398.49,2315.14,1125(7-12)2x1,,PREMIUM,66,BLOQUEOS_COMPARTIR
BRISAS IXTAPA,,Ixtapa,2026-05-29,2026-05-31,SGL,4063.0,609.45,3453.55,3626.23,3756.77,3626.23,1125(7-12)2x1,,PREMIUM,104,BLOQUEOS_COMPARTIR
BRISAS IXTAPA,,Ixtapa,2026-05-29,2026-05-31,TPL,2279.0,341.85,1937.15,2034.01,2107.23,2034.01,1125(7-12)2x1,,PREMIUM,58,BLOQUEOS_COMPARTIR
Barcelo Maya Grand,,Riviera Maya,2026-05-29,2026-06-01,DBL,3083.0,462.45,2620.55,2751.58,2850.64,2751.58,MNR 2-11: $1541,,LUXURY,105,BLOQUEOS_CLICK
Barcelo Maya Grand,,Riviera Maya,2026-05-29,2026-06-01,SGL,4932.0,739.8,4192.2,4401.81,4560.28,4401.81,MNR 2-11: $1541,,LUXURY,168,BLOQUEOS_CLICK
Barcelo Maya Grand,,Riviera Maya,2026-05-29,2026-06-01,TPL,2877.0,431.55,2445.45,2567.72,2660.16,2567.72,MNR 2-11: $1541,,LUXURY,98,BLOQUEOS_CLICK
PARK ROYAL IXTAPA,,Ixtapa,2026-05-29,2026-05-01,DBL,2150.0,322.5,1827.5,1918.88,1987.96,1918.88,GRATIS(0-12),PAGO INMEDIATO,PREMIUM,55,BLOQUEOS_COMPARTIR
PARK ROYAL IXTAPA,,Ixtapa,2026-05-29,2026-05-01,SGL,4300.0,645.0,3655.0,3837.75,3975.91,3837.75,GRATIS(0-12),PAGO INMEDIATO,PREMIUM,110,BLOQUEOS_COMPARTIR
PARK ROYAL IXTAPA,,Ixtapa,2026-05-29,2026-05-01,TPL,2100.0,315.0,1785.0,1874.25,1941.72,1874.25,GRATIS(0-12),PAGO INMEDIATO,PREMIUM,54,BLOQUEOS_COMPARTIR
QUALTON IXTAPA,,Ixtapa,2026-05-29,2026-05-31,DBL,2099.0,314.85,1784.15,1873.36,1940.8,1873.36,599(6-12)2x1,,PREMIUM,54,BLOQUEOS_COMPARTIR
QUALTON IXTAPA,,Ixtapa,2026-05-29,2026-05-31,SGL,3398.0,509.7,2888.3,3032.72,3141.9,3032.72,599(6-12)2x1,,PREMIUM,87,BLOQUEOS_COMPARTIR
QUALTON IXTAPA,,Ixtapa,2026-05-29,2026-05-31,TPL,1999.0,299.85,1699.15,1784.11,1848.34,1784.11,599(6-12)2x1,,PREMIUM,51,BLOQUEOS_COMPARTIR
EMPORIO IXTAPA / CAMA KING,,Ixtapa,2026-05-30,2026-05-03,DBL,2233.0,334.95,1898.05,1992.95,2064.7,1992.95,819(6-12),,PREMIUM,57,BLOQUEOS_COMPARTIR
EMPORIO IXTAPA / CAMA KING,,Ixtapa,2026-05-30,2026-05-03,SGL,3572.0,535.8,3036.2,3188.01,3302.78,3188.01,819(6-12),,PREMIUM,91,BLOQUEOS_COMPARTIR
EMPORIO IXTAPA / CAMA KING,,Ixtapa,2026-05-30,2026-05-03,TPL,2045.0,306.75,1738.25,1825.16,1890.87,1825.16,819(6-12),,PREMIUM,52,BLOQUEOS_COMPARTIR
EMPORIO IXTAPA,,Ixtapa,2026-05-31,2026-06-02,DBL,2015.0,302.25,1712.75,1798.39,1863.13,1798.39,819(6-12)2x1,"EARLY CHECK IN PARA USO DE INSTALACIONES, NO INCLUYE DESAYUNO(ENTREGAD DE HABITACIONES 15:00 HRS)",PREMIUM,51,BLOQUEOS_COMPARTIR
EMPORIO IXTAPA,,Ixtapa,2026-05-31,2026-06-02,SGL,3223.0,483.45,2739.55,2876.53,2980.09,2876.53,819(6-12)2x1,"EARLY CHECK IN PARA USO DE INSTALACIONES, NO INCLUYE DESAYUNO(ENTREGAD DE HABITACIONES 15:00 HRS)",PREMIUM,82,BLOQUEOS_COMPARTIR
EMPORIO IXTAPA,,Ixtapa,2026-05-31,2026-06-02,TPL,1900.0,285.0,1615.0,1695.75,1756.8,1695.75,819(6-12)2x1,"EARLY CHECK IN PARA USO DE INSTALACIONES, NO INCLUYE DESAYUNO(ENTREGAD DE HABITACIONES 15:00 HRS)",PREMIUM,48,BLOQUEOS_COMPARTIR
SUNSCAPE IXTAPA,,Ixtapa,2026-05-31,2026-06-02,DBL,2423.0,363.45,2059.55,2162.53,2240.38,2162.53,263(3-12),VISTA AL MAR,PREMIUM,62,BLOQUEOS_COMPARTIR
SUNSCAPE IXTAPA,,Ixtapa,2026-05-31,2026-06-02,SGL,3634.0,545.1,3088.9,3243.35,3360.11,3243.35,263(3-12),VISTA AL MAR,PREMIUM,93,BLOQUEOS_COMPARTIR
SUNSCAPE IXTAPA,,Ixtapa,2026-05-31,2026-06-02,TPL,2261.0,339.15,1921.85,2017.94,2090.59,2017.94,263(3-12),VISTA AL MAR,PREMIUM,58,BLOQUEOS_COMPARTIR
AZUL IXTAPA,,Ixtapa,2026-06-05,2026-06-07,DBL,2599.0,389.85,2209.15,2319.61,2403.12,2319.61,599(7-12) 199(3-6),,PREMIUM,66,BLOQUEOS_COMPARTIR
AZUL IXTAPA,,Ixtapa,2026-06-05,2026-06-07,SGL,3649.0,547.35,3101.65,3256.73,3373.97,3256.73,599(7-12) 199(3-6),,PREMIUM,93,BLOQUEOS_COMPARTIR
AZUL IXTAPA,,Ixtapa,2026-06-05,2026-06-07,TPL,2432.0,364.8,2067.2,2170.56,2248.7,2170.56,599(7-12) 199(3-6),,PREMIUM,62,BLOQUEOS_COMPARTIR
Azul Grand Ixtapa,,Ixtapa,2026-06-05,2026-06-07,DBL,2999,449.85,2549.15,2676.61,2772.97,2676.61,3-6: $299 | 7-12: $699,Venta controlada,LUXURY,102,MONARCA_FLYER
Azul Grand Ixtapa,,Ixtapa,2026-06-05,2026-06-07,SGL,4199,629.85,3569.15,3747.61,3882.52,3747.61,3-6: $299 | 7-12: $699,Venta controlada,LUXURY,143,MONARCA_FLYER
Azul Grand Ixtapa,,Ixtapa,2026-06-05,2026-06-07,TPL,2799,419.85,2379.15,2498.11,2588.04,2498.11,3-6: $299 | 7-12: $699,Venta controlada,LUXURY,95,MONARCA_FLYER
Azul Ixtapa,,Ixtapa,2026-06-05,2026-06-07,DBL,2599,389.85,2209.15,2319.61,2403.12,2319.61,3-6: $199 | 7-12: $599,Venta controlada,PREMIUM,66,MONARCA_FLYER
Azul Ixtapa,,Ixtapa,2026-06-05,2026-06-07,SGL,3649,547.35,3101.65,3256.73,3373.97,3256.73,3-6: $199 | 7-12: $599,Venta controlada,PREMIUM,93,MONARCA_FLYER
Azul Ixtapa,,Ixtapa,2026-06-05,2026-06-07,TPL,2433,364.95,2068.05,2171.45,2249.62,2171.45,3-6: $199 | 7-12: $599,Venta controlada,PREMIUM,62,MONARCA_FLYER
BRISAS IXTAPA,,Ixtapa,2026-06-05,2026-06-07,DBL,2594.0,389.1,2204.9,2315.14,2398.49,2315.14,1125(7-12)2x1,,PREMIUM,66,BLOQUEOS_COMPARTIR
BRISAS IXTAPA,,Ixtapa,2026-06-05,2026-06-07,SGL,4063.0,609.45,3453.55,3626.23,3756.77,3626.23,1125(7-12)2x1,,PREMIUM,104,BLOQUEOS_COMPARTIR
BRISAS IXTAPA,,Ixtapa,2026-06-05,2026-06-07,TPL,2279.0,341.85,1937.15,2034.01,2107.23,2034.01,1125(7-12)2x1,,PREMIUM,58,BLOQUEOS_COMPARTIR
PARK ROYAL IXTAPA,,Ixtapa,2026-06-05,2026-06-07,DBL,2290.0,343.5,1946.5,2043.83,2117.41,2043.83,700 (7-12),,PREMIUM,58,BLOQUEOS_COMPARTIR
PARK ROYAL IXTAPA,,Ixtapa,2026-06-05,2026-06-07,SGL,4580.0,687.0,3893.0,4087.65,4234.81,4087.65,700 (7-12),,PREMIUM,117,BLOQUEOS_COMPARTIR
PARK ROYAL IXTAPA,,Ixtapa,2026-06-05,2026-06-07,TPL,2228.0,334.2,1893.8,1988.49,2060.08,1988.49,700 (7-12),,PREMIUM,57,BLOQUEOS_COMPARTIR
QUALTON IXTAPA,,Ixtapa,2026-06-05,2026-06-07,DBL,2099.0,314.85,1784.15,1873.36,1940.8,1873.36,599(6-12)2x1,,PREMIUM,54,BLOQUEOS_COMPARTIR
QUALTON IXTAPA,,Ixtapa,2026-06-05,2026-06-07,SGL,3298.0,494.7,2803.3,2943.47,3049.43,2943.47,599(6-12)2x1,,PREMIUM,84,BLOQUEOS_COMPARTIR
QUALTON IXTAPA,,Ixtapa,2026-06-05,2026-06-07,TPL,1999.0,299.85,1699.15,1784.11,1848.34,1784.11,599(6-12)2x1,,PREMIUM,51,BLOQUEOS_COMPARTIR
SUNSCAPE IXTAPA,,Ixtapa,2026-06-05,2026-06-07,DBL,2550.0,382.5,2167.5,2275.88,2357.81,2275.88,800(3-12)2x1,,PREMIUM,65,BLOQUEOS_COMPARTIR
SUNSCAPE IXTAPA,,Ixtapa,2026-06-05,2026-06-07,SGL,3825.0,573.75,3251.25,3413.81,3536.71,3413.81,800(3-12)2x1,,PREMIUM,98,BLOQUEOS_COMPARTIR
SUNSCAPE IXTAPA,,Ixtapa,2026-06-05,2026-06-07,TPL,2380.0,357.0,2023.0,2124.15,2200.62,2124.15,800(3-12)2x1,,PREMIUM,61,BLOQUEOS_COMPARTIR
AZUL IXTAPA,,Ixtapa,2026-06-07,2026-06-09,DBL,2599.0,389.85,2209.15,2319.61,2403.12,2319.61,GRATIS(0-12),DESAYUNO A LA LLEGADA,PREMIUM,66,BLOQUEOS_COMPARTIR
AZUL IXTAPA,,Ixtapa,2026-06-07,2026-06-09,SGL,3649.0,547.35,3101.65,3256.73,3373.97,3256.73,GRATIS(0-12),DESAYUNO A LA LLEGADA,PREMIUM,93,BLOQUEOS_COMPARTIR
AZUL IXTAPA,,Ixtapa,2026-06-07,2026-06-09,TPL,2432.0,364.8,2067.2,2170.56,2248.7,2170.56,GRATIS(0-12),DESAYUNO A LA LLEGADA,PREMIUM,62,BLOQUEOS_COMPARTIR
BRISAS IXTAPA,,Ixtapa,2026-06-07,2026-06-09,DBL,2375.0,356.25,2018.75,2119.69,2196.0,2119.69,GRATIS(7-12),,PREMIUM,61,BLOQUEOS_COMPARTIR
BRISAS IXTAPA,,Ixtapa,2026-06-07,2026-06-09,SGL,3625.0,543.75,3081.25,3235.31,3351.78,3235.31,GRATIS(7-12),,PREMIUM,92,BLOQUEOS_COMPARTIR
BRISAS IXTAPA,,Ixtapa,2026-06-07,2026-06-09,TPL,2133.0,319.95,1813.05,1903.7,1972.23,1903.7,GRATIS(7-12),,PREMIUM,54,BLOQUEOS_COMPARTIR
PARK ROYAL IXTAPA,,Ixtapa,2026-06-07,2026-06-09,DBL,2050.0,307.5,1742.5,1829.62,1895.49,1829.62,613 (7-12),,PREMIUM,52,BLOQUEOS_COMPARTIR
PARK ROYAL IXTAPA,,Ixtapa,2026-06-07,2026-06-09,SGL,4100.0,615.0,3485.0,3659.25,3790.98,3659.25,613 (7-12),,PREMIUM,105,BLOQUEOS_COMPARTIR
PARK ROYAL IXTAPA,,Ixtapa,2026-06-07,2026-06-09,TPL,1988.0,298.2,1689.8,1774.29,1838.16,1774.29,613 (7-12),,PREMIUM,51,BLOQUEOS_COMPARTIR
AZUL IXTAPA,,Ixtapa,2026-06-12,2026-06-14,DBL,2599.0,389.85,2209.15,2319.61,2403.12,2319.61,599(7-12) 199(3-6),,PREMIUM,66,BLOQUEOS_COMPARTIR
AZUL IXTAPA,,Ixtapa,2026-06-12,2026-06-14,SGL,3649.0,547.35,3101.65,3256.73,3373.97,3256.73,599(7-12) 199(3-6),,PREMIUM,93,BLOQUEOS_COMPARTIR
AZUL IXTAPA,,Ixtapa,2026-06-12,2026-06-14,TPL,2432.0,364.8,2067.2,2170.56,2248.7,2170.56,599(7-12) 199(3-6),,PREMIUM,62,BLOQUEOS_COMPARTIR
Azul Grand Ixtapa,,Ixtapa,2026-06-12,2026-06-14,DBL,2999,449.85,2549.15,2676.61,2772.97,2676.61,3-6: $299 | 7-12: $699,Venta controlada,LUXURY,102,MONARCA_FLYER
Azul Grand Ixtapa,,Ixtapa,2026-06-12,2026-06-14,SGL,4199,629.85,3569.15,3747.61,3882.52,3747.61,3-6: $299 | 7-12: $699,Venta controlada,LUXURY,143,MONARCA_FLYER
Azul Grand Ixtapa,,Ixtapa,2026-06-12,2026-06-14,TPL,2799,419.85,2379.15,2498.11,2588.04,2498.11,3-6: $299 | 7-12: $699,Venta controlada,LUXURY,95,MONARCA_FLYER
Azul Ixtapa,,Ixtapa,2026-06-12,2026-06-14,DBL,2599,389.85,2209.15,2319.61,2403.12,2319.61,3-6: $199 | 7-12: $599,Venta controlada,PREMIUM,66,MONARCA_FLYER
Azul Ixtapa,,Ixtapa,2026-06-12,2026-06-14,SGL,3649,547.35,3101.65,3256.73,3373.97,3256.73,3-6: $199 | 7-12: $599,Venta controlada,PREMIUM,93,MONARCA_FLYER
Azul Ixtapa,,Ixtapa,2026-06-12,2026-06-14,TPL,2433,364.95,2068.05,2171.45,2249.62,2171.45,3-6: $199 | 7-12: $599,Venta controlada,PREMIUM,62,MONARCA_FLYER
BRISAS IXTAPA,,Ixtapa,2026-06-12,2026-06-14,DBL,2594.0,389.1,2204.9,2315.14,2398.49,2315.14,1125(7-12)2x1,,PREMIUM,66,BLOQUEOS_COMPARTIR
BRISAS IXTAPA,,Ixtapa,2026-06-12,2026-06-14,SGL,4063.0,609.45,3453.55,3626.23,3756.77,3626.23,1125(7-12)2x1,,PREMIUM,104,BLOQUEOS_COMPARTIR
BRISAS IXTAPA,,Ixtapa,2026-06-12,2026-06-14,TPL,2279.0,341.85,1937.15,2034.01,2107.23,2034.01,1125(7-12)2x1,,PREMIUM,58,BLOQUEOS_COMPARTIR
EMPORIO IXTAPA / CAMA KING,,Ixtapa,2026-06-12,2026-06-14,DBL,2015.0,302.25,1712.75,1798.39,1863.13,1798.39,819(6-12),,PREMIUM,51,BLOQUEOS_COMPARTIR
EMPORIO IXTAPA / CAMA KING,,Ixtapa,2026-06-12,2026-06-14,SGL,3223.0,483.45,2739.55,2876.53,2980.09,2876.53,819(6-12),,PREMIUM,82,BLOQUEOS_COMPARTIR
FONTAN IXTAPA,,Ixtapa,2026-06-12,2026-06-14,DBL,1875.0,281.25,1593.75,1673.44,1733.68,1673.44,490(6-12)2x1,DESAYUNO AMERICANO A LA LLEGADA,ESTANDAR,32,BLOQUEOS_COMPARTIR
FONTAN IXTAPA,,Ixtapa,2026-06-12,2026-06-14,SGL,3435.0,515.25,2919.75,3065.74,3176.11,3065.74,490(6-12)2x1,DESAYUNO AMERICANO A LA LLEGADA,ESTANDAR,58,BLOQUEOS_COMPARTIR
FONTAN IXTAPA,,Ixtapa,2026-06-12,2026-06-14,TPL,1730.0,259.5,1470.5,1544.03,1599.62,1544.03,490(6-12)2x1,DESAYUNO AMERICANO A LA LLEGADA,ESTANDAR,29,BLOQUEOS_COMPARTIR
HOLIDAY INN IXTAPA,,Ixtapa,2026-06-12,2026-06-14,DBL,2313.0,346.95,1966.05,2064.35,2138.67,2064.35,GRATIS(0-12),APLICA EARLY CHECK IN,PREMIUM,59,BLOQUEOS_COMPARTIR
HOLIDAY INN IXTAPA,,Ixtapa,2026-06-12,2026-06-14,SGL,4625.0,693.75,3931.25,4127.81,4276.41,4127.81,GRATIS(0-12),APLICA EARLY CHECK IN,PREMIUM,118,BLOQUEOS_COMPARTIR
HOLIDAY INN IXTAPA,,Ixtapa,2026-06-12,2026-06-14,TPL,2313.0,346.95,1966.05,2064.35,2138.67,2064.35,GRATIS(0-12),APLICA EARLY CHECK IN,PREMIUM,59,BLOQUEOS_COMPARTIR
Holiday Inn Resort Ixtapa,,Ixtapa,2026-06-12,2026-06-14,DBL,2313,346.95,1966.05,2064.35,2138.67,2064.35,GRATIS (0-12 años),Early check in + Menores Gratis 0-12,PREMIUM,59,MONARCA_FLYER
Holiday Inn Resort Ixtapa,,Ixtapa,2026-06-12,2026-06-14,SGL,5498.75,824.81,4673.94,4907.64,5084.32,4907.64,GRATIS (0-12 años),Early check in + Menores Gratis 0-12,PREMIUM,140,MONARCA_FLYER
Holiday Inn Resort Ixtapa,,Ixtapa,2026-06-12,2026-06-14,TPL,2313,346.95,1966.05,2064.35,2138.67,2064.35,GRATIS (0-12 años),Early check in + Menores Gratis 0-12,PREMIUM,59,MONARCA_FLYER
PARK ROYAL IXTAPA,,Ixtapa,2026-06-12,2026-06-14,DBL,2290.0,343.5,1946.5,2043.83,2117.41,2043.83,700(7-12),,PREMIUM,58,BLOQUEOS_COMPARTIR
PARK ROYAL IXTAPA,,Ixtapa,2026-06-12,2026-06-14,SGL,4580.0,687.0,3893.0,4087.65,4234.81,4087.65,700(7-12),,PREMIUM,117,BLOQUEOS_COMPARTIR
PARK ROYAL IXTAPA,,Ixtapa,2026-06-12,2026-06-14,TPL,2228.0,334.2,1893.8,1988.49,2060.08,1988.49,700(7-12),,PREMIUM,57,BLOQUEOS_COMPARTIR
QUALTON IXTAPA,,Ixtapa,2026-06-12,2026-06-14,DBL,1999.0,299.85,1699.15,1784.11,1848.34,1784.11,599(6-12)2x1,,PREMIUM,51,BLOQUEOS_COMPARTIR
QUALTON IXTAPA,,Ixtapa,2026-06-12,2026-06-14,SGL,3198.0,479.7,2718.3,2854.22,2956.97,2854.22,599(6-12)2x1,,PREMIUM,82,BLOQUEOS_COMPARTIR
QUALTON IXTAPA,,Ixtapa,2026-06-12,2026-06-14,TPL,1899.0,284.85,1614.15,1694.86,1755.87,1694.86,599(6-12)2x1,,PREMIUM,48,BLOQUEOS_COMPARTIR
AZUL GRAND,,Ixtapa,2026-06-14,2026-06-16,DBL,2999.0,449.85,2549.15,2676.61,2772.97,2676.61,GRATIS(0-12),DESAYUNO A LA LLEGADA,LUXURY,102,BLOQUEOS_COMPARTIR
AZUL GRAND,,Ixtapa,2026-06-14,2026-06-16,SGL,4199.0,629.85,3569.15,3747.61,3882.52,3747.61,GRATIS(0-12),DESAYUNO A LA LLEGADA,LUXURY,143,BLOQUEOS_COMPARTIR
AZUL GRAND,,Ixtapa,2026-06-14,2026-06-16,TPL,2799.0,419.85,2379.15,2498.11,2588.04,2498.11,GRATIS(0-12),DESAYUNO A LA LLEGADA,LUXURY,95,BLOQUEOS_COMPARTIR
AZUL IXTAPA,,Ixtapa,2026-06-14,2026-06-16,DBL,2599.0,389.85,2209.15,2319.61,2403.12,2319.61,GRATIS(0-12),DESAYUNO A LA LLEGADA,PREMIUM,66,BLOQUEOS_COMPARTIR
AZUL IXTAPA,,Ixtapa,2026-06-14,2026-06-16,SGL,3649.0,547.35,3101.65,3256.73,3373.97,3256.73,GRATIS(0-12),DESAYUNO A LA LLEGADA,PREMIUM,93,BLOQUEOS_COMPARTIR
AZUL IXTAPA,,Ixtapa,2026-06-14,2026-06-16,TPL,2432.0,364.8,2067.2,2170.56,2248.7,2170.56,GRATIS(0-12),DESAYUNO A LA LLEGADA,PREMIUM,62,BLOQUEOS_COMPARTIR
FONTAN IXTAPA,,Ixtapa,2026-06-14,2026-06-16,DBL,1743.0,261.45,1481.55,1555.63,1611.63,1555.63,490(6-12)2x1,DESAYUNO AMERICANO A LA LLEGADA,ESTANDAR,30,BLOQUEOS_COMPARTIR
FONTAN IXTAPA,,Ixtapa,2026-06-14,2026-06-16,SGL,2731.0,409.65,2321.35,2437.42,2525.17,2437.42,490(6-12)2x1,DESAYUNO AMERICANO A LA LLEGADA,ESTANDAR,46,BLOQUEOS_COMPARTIR
FONTAN IXTAPA,,Ixtapa,2026-06-14,2026-06-16,TPL,1665.0,249.75,1415.25,1486.01,1539.51,1486.01,490(6-12)2x1,DESAYUNO AMERICANO A LA LLEGADA,ESTANDAR,28,BLOQUEOS_COMPARTIR
PARK ROYAL IXTAPA,,Ixtapa,2026-06-14,2026-06-16,DBL,2050.0,307.5,1742.5,1829.62,1895.49,1829.62,613 (7-12),,PREMIUM,52,BLOQUEOS_COMPARTIR
PARK ROYAL IXTAPA,,Ixtapa,2026-06-14,2026-06-16,SGL,4100.0,615.0,3485.0,3659.25,3790.98,3659.25,613 (7-12),,PREMIUM,105,BLOQUEOS_COMPARTIR
PARK ROYAL IXTAPA,,Ixtapa,2026-06-14,2026-06-16,TPL,1988.0,298.2,1689.8,1774.29,1838.16,1774.29,613 (7-12),,PREMIUM,51,BLOQUEOS_COMPARTIR
Pueblo Bonito Emerald Bay,,Mazatlán,2026-06-14,2026-06-17,DBL,2442.0,366.3,2075.7,2179.49,2257.95,2179.49,MNR 5-11: $929,,LUXURY,83,BLOQUEOS_CLICK
Pueblo Bonito Emerald Bay,,Mazatlán,2026-06-14,2026-06-17,SGL,3657.0,548.55,3108.45,3263.87,3381.37,3263.87,MNR 5-11: $929,,LUXURY,124,BLOQUEOS_CLICK
Pueblo Bonito Emerald Bay,,Mazatlán,2026-06-14,2026-06-17,TPL,2370.0,355.5,2014.5,2115.22,2191.37,2115.22,MNR 5-11: $929,,LUXURY,81,BLOQUEOS_CLICK
SUNSCAPE IXTAPA,,Ixtapa,2026-06-14,2026-06-16,DBL,2423.0,363.45,2059.55,2162.53,2240.38,2162.53,263(3-12),VISTA AL MAR,PREMIUM,62,BLOQUEOS_COMPARTIR
SUNSCAPE IXTAPA,,Ixtapa,2026-06-14,2026-06-16,SGL,3634.0,545.1,3088.9,3243.35,3360.11,3243.35,263(3-12),VISTA AL MAR,PREMIUM,93,BLOQUEOS_COMPARTIR
SUNSCAPE IXTAPA,,Ixtapa,2026-06-14,2026-06-16,TPL,2261.0,339.15,1921.85,2017.94,2090.59,2017.94,263(3-12),VISTA AL MAR,PREMIUM,58,BLOQUEOS_COMPARTIR
AZUL GRAND,,Ixtapa,2026-06-19,2026-06-21,DBL,2999.0,449.85,2549.15,2676.61,2772.97,2676.61,699(7-12) 299(3-6),,LUXURY,102,BLOQUEOS_COMPARTIR
AZUL GRAND,,Ixtapa,2026-06-19,2026-06-21,SGL,4199.0,629.85,3569.15,3747.61,3882.52,3747.61,699(7-12) 299(3-6),,LUXURY,143,BLOQUEOS_COMPARTIR
AZUL GRAND,,Ixtapa,2026-06-19,2026-06-21,TPL,2799.0,419.85,2379.15,2498.11,2588.04,2498.11,699(7-12) 299(3-6),,LUXURY,95,BLOQUEOS_COMPARTIR
AZUL IXTAPA,,Ixtapa,2026-06-19,2026-06-21,DBL,2899.0,434.85,2464.15,2587.36,2680.5,2587.36,599(7-12) 199(3-6),,PREMIUM,74,BLOQUEOS_COMPARTIR
AZUL IXTAPA,,Ixtapa,2026-06-19,2026-06-21,SGL,4049.0,607.35,3441.65,3613.73,3743.82,3613.73,599(7-12) 199(3-6),,PREMIUM,103,BLOQUEOS_COMPARTIR
AZUL IXTAPA,,Ixtapa,2026-06-19,2026-06-21,TPL,2699.0,404.85,2294.15,2408.86,2495.58,2408.86,599(7-12) 199(3-6),,PREMIUM,69,BLOQUEOS_COMPARTIR
BRISAS IXTAPA,,Ixtapa,2026-06-19,2026-06-21,DBL,2594.0,389.1,2204.9,2315.14,2398.49,2315.14,1125(7-12)2x1,,PREMIUM,66,BLOQUEOS_COMPARTIR
BRISAS IXTAPA,,Ixtapa,2026-06-19,2026-06-21,SGL,4063.0,609.45,3453.55,3626.23,3756.77,3626.23,1125(7-12)2x1,,PREMIUM,104,BLOQUEOS_COMPARTIR
BRISAS IXTAPA,,Ixtapa,2026-06-19,2026-06-21,TPL,2279.0,341.85,1937.15,2034.01,2107.23,2034.01,1125(7-12)2x1,,PREMIUM,58,BLOQUEOS_COMPARTIR
EMPORIO IXTAPA / CAMA KING,,Ixtapa,2026-06-19,2026-06-21,DBL,2015.0,302.25,1712.75,1798.39,1863.13,1798.39,819(6-12),,PREMIUM,51,BLOQUEOS_COMPARTIR
EMPORIO IXTAPA / CAMA KING,,Ixtapa,2026-06-19,2026-06-21,SGL,3223.0,483.45,2739.55,2876.53,2980.09,2876.53,819(6-12),,PREMIUM,82,BLOQUEOS_COMPARTIR
FONTAN IXTAPA,,Ixtapa,2026-06-19,2026-06-21,DBL,1875.0,281.25,1593.75,1673.44,1733.68,1673.44,490(6-12)2x1,DESAYUNO AMERICANO A LA LLEGADA,ESTANDAR,32,BLOQUEOS_COMPARTIR
FONTAN IXTAPA,,Ixtapa,2026-06-19,2026-06-21,SGL,3435.0,515.25,2919.75,3065.74,3176.11,3065.74,490(6-12)2x1,DESAYUNO AMERICANO A LA LLEGADA,ESTANDAR,58,BLOQUEOS_COMPARTIR
FONTAN IXTAPA,,Ixtapa,2026-06-19,2026-06-21,TPL,1730.0,259.5,1470.5,1544.03,1599.62,1544.03,490(6-12)2x1,DESAYUNO AMERICANO A LA LLEGADA,ESTANDAR,29,BLOQUEOS_COMPARTIR
Holiday Inn Resort Ixtapa,,Ixtapa,2026-06-19,2026-06-21,DBL,2313,346.95,1966.05,2064.35,2138.67,2064.35,GRATIS (0-12 años),Early check in + Menores Gratis 0-12,PREMIUM,59,MONARCA_FLYER
Holiday Inn Resort Ixtapa,,Ixtapa,2026-06-19,2026-06-21,SGL,5498.75,824.81,4673.94,4907.64,5084.32,4907.64,GRATIS (0-12 años),Early check in + Menores Gratis 0-12,PREMIUM,140,MONARCA_FLYER
Holiday Inn Resort Ixtapa,,Ixtapa,2026-06-19,2026-06-21,TPL,2313,346.95,1966.05,2064.35,2138.67,2064.35,GRATIS (0-12 años),Early check in + Menores Gratis 0-12,PREMIUM,59,MONARCA_FLYER
PARK ROYAL IXTAPA,,Ixtapa,2026-06-19,2026-06-21,DBL,2290.0,343.5,1946.5,2043.83,2117.41,2043.83,700(7-12),,PREMIUM,58,BLOQUEOS_COMPARTIR
PARK ROYAL IXTAPA,,Ixtapa,2026-06-19,2026-06-21,SGL,4580.0,687.0,3893.0,4087.65,4234.81,4087.65,700(7-12),,PREMIUM,117,BLOQUEOS_COMPARTIR
PARK ROYAL IXTAPA,,Ixtapa,2026-06-19,2026-06-21,TPL,2228.0,334.2,1893.8,1988.49,2060.08,1988.49,700(7-12),,PREMIUM,57,BLOQUEOS_COMPARTIR
QUALTON IXTAPA,,Ixtapa,2026-06-19,2026-06-21,DBL,1999.0,299.85,1699.15,1784.11,1848.34,1784.11,599(6-12)2x1,,PREMIUM,51,BLOQUEOS_COMPARTIR
QUALTON IXTAPA,,Ixtapa,2026-06-19,2026-06-21,SGL,3198.0,479.7,2718.3,2854.22,2956.97,2854.22,599(6-12)2x1,,PREMIUM,82,BLOQUEOS_COMPARTIR
QUALTON IXTAPA,,Ixtapa,2026-06-19,2026-06-21,TPL,1899.0,284.85,1614.15,1694.86,1755.87,1694.86,599(6-12)2x1,,PREMIUM,48,BLOQUEOS_COMPARTIR
FONTAN IXTAPA,,Ixtapa,2026-06-21,2026-06-23,DBL,1743.0,261.45,1481.55,1555.63,1611.63,1555.63,490(6-12)2x1,DESAYUNO AMERICANO A LA LLEGADA,ESTANDAR,30,BLOQUEOS_COMPARTIR
FONTAN IXTAPA,,Ixtapa,2026-06-21,2026-06-23,SGL,2731.0,409.65,2321.35,2437.42,2525.17,2437.42,490(6-12)2x1,DESAYUNO AMERICANO A LA LLEGADA,ESTANDAR,46,BLOQUEOS_COMPARTIR
FONTAN IXTAPA,,Ixtapa,2026-06-21,2026-06-23,TPL,1665.0,249.75,1415.25,1486.01,1539.51,1486.01,490(6-12)2x1,DESAYUNO AMERICANO A LA LLEGADA,ESTANDAR,28,BLOQUEOS_COMPARTIR
Hotel Xcaret Mexico,Suite Garden / All Fun Inclusive,Riviera Maya,2026-06-25,2026-06-28,DBL,7867,1180.05,6686.95,7021.3,7274.07,7021.3,"JR(13-17): $2,867 | MNR hasta 12 GRATIS",Todo Incluido All Fun Inclusive | Parques incluidos | Xcaret Arte Show,PREMIUM PLUS,267,IMAGEN_XCARET
Hotel Xcaret Mexico,Suite Garden / All Fun Inclusive,Riviera Maya,2026-06-25,2026-06-28,SGL,15734,2360.1,13373.9,14042.59,14548.12,14042.59,"JR(13-17): $2,867 | MNR hasta 12 GRATIS",Todo Incluido All Fun Inclusive | Parques incluidos | Xcaret Arte Show,PREMIUM PLUS,535,IMAGEN_XCARET
Hotel Xcaret Mexico,Suite Garden / All Fun Inclusive,Riviera Maya,2026-06-25,2026-06-28,TPL,7080,1062.0,6018.0,6318.9,6546.38,6318.9,"JR(13-17): $2,867 | MNR hasta 12 GRATIS",Todo Incluido All Fun Inclusive | Parques incluidos | Xcaret Arte Show,PREMIUM PLUS,241,IMAGEN_XCARET
AZUL IXTAPA,,Ixtapa,2026-06-26,2026-06-28,DBL,2599.0,389.85,2209.15,2319.61,2403.12,2319.61,599(7-12) 199(3-6),,PREMIUM,66,BLOQUEOS_COMPARTIR
AZUL IXTAPA,,Ixtapa,2026-06-26,2026-06-28,SGL,3649.0,547.35,3101.65,3256.73,3373.97,3256.73,599(7-12) 199(3-6),,PREMIUM,93,BLOQUEOS_COMPARTIR
AZUL IXTAPA,,Ixtapa,2026-06-26,2026-06-28,TPL,2432.0,364.8,2067.2,2170.56,2248.7,2170.56,599(7-12) 199(3-6),,PREMIUM,62,BLOQUEOS_COMPARTIR
Azul Grand Ixtapa,,Ixtapa,2026-06-26,2026-06-28,DBL,2999,449.85,2549.15,2676.61,2772.97,2676.61,3-6: $299 | 7-12: $699,Venta controlada,LUXURY,102,MONARCA_FLYER
Azul Grand Ixtapa,,Ixtapa,2026-06-26,2026-06-28,SGL,4199,629.85,3569.15,3747.61,3882.52,3747.61,3-6: $299 | 7-12: $699,Venta controlada,LUXURY,143,MONARCA_FLYER
Azul Grand Ixtapa,,Ixtapa,2026-06-26,2026-06-28,TPL,2799,419.85,2379.15,2498.11,2588.04,2498.11,3-6: $299 | 7-12: $699,Venta controlada,LUXURY,95,MONARCA_FLYER
Azul Ixtapa,,Ixtapa,2026-06-26,2026-06-28,DBL,2599,389.85,2209.15,2319.61,2403.12,2319.61,3-6: $199 | 7-12: $599,Venta controlada,PREMIUM,66,MONARCA_FLYER
Azul Ixtapa,,Ixtapa,2026-06-26,2026-06-28,SGL,3649,547.35,3101.65,3256.73,3373.97,3256.73,3-6: $199 | 7-12: $599,Venta controlada,PREMIUM,93,MONARCA_FLYER
Azul Ixtapa,,Ixtapa,2026-06-26,2026-06-28,TPL,2433,364.95,2068.05,2171.45,2249.62,2171.45,3-6: $199 | 7-12: $599,Venta controlada,PREMIUM,62,MONARCA_FLYER
BRISAS IXTAPA,,Ixtapa,2026-06-26,2026-06-28,DBL,2594.0,389.1,2204.9,2315.14,2398.49,2315.14,1125(7-12)2x1,,PREMIUM,66,BLOQUEOS_COMPARTIR
BRISAS IXTAPA,,Ixtapa,2026-06-26,2026-06-28,SGL,4063.0,609.45,3453.55,3626.23,3756.77,3626.23,1125(7-12)2x1,,PREMIUM,104,BLOQUEOS_COMPARTIR
BRISAS IXTAPA,,Ixtapa,2026-06-26,2026-06-28,TPL,2279.0,341.85,1937.15,2034.01,2107.23,2034.01,1125(7-12)2x1,,PREMIUM,58,BLOQUEOS_COMPARTIR
EMPORIO IXTAPA/ CAMA KING,,Ixtapa,2026-06-26,2026-06-28,DBL,2015.0,302.25,1712.75,1798.39,1863.13,1798.39,819(6-12),,PREMIUM,51,BLOQUEOS_COMPARTIR
EMPORIO IXTAPA/ CAMA KING,,Ixtapa,2026-06-26,2026-06-28,SGL,3223.0,483.45,2739.55,2876.53,2980.09,2876.53,819(6-12),,PREMIUM,82,BLOQUEOS_COMPARTIR
FONTAN IXTAPA,,Ixtapa,2026-06-26,2026-06-28,DBL,1875.0,281.25,1593.75,1673.44,1733.68,1673.44,490(6-12)2x1,DESAYUNO AMERICANO A LA LLEGADA,ESTANDAR,32,BLOQUEOS_COMPARTIR
FONTAN IXTAPA,,Ixtapa,2026-06-26,2026-06-28,SGL,3435.0,515.25,2919.75,3065.74,3176.11,3065.74,490(6-12)2x1,DESAYUNO AMERICANO A LA LLEGADA,ESTANDAR,58,BLOQUEOS_COMPARTIR
FONTAN IXTAPA,,Ixtapa,2026-06-26,2026-06-28,TPL,1730.0,259.5,1470.5,1544.03,1599.62,1544.03,490(6-12)2x1,DESAYUNO AMERICANO A LA LLEGADA,ESTANDAR,29,BLOQUEOS_COMPARTIR
Holiday Inn Resort Ixtapa,,Ixtapa,2026-06-26,2026-06-28,DBL,2313,346.95,1966.05,2064.35,2138.67,2064.35,GRATIS (0-12 años),Early check in + Menores Gratis 0-12,PREMIUM,59,MONARCA_FLYER
Holiday Inn Resort Ixtapa,,Ixtapa,2026-06-26,2026-06-28,SGL,5498.75,824.81,4673.94,4907.64,5084.32,4907.64,GRATIS (0-12 años),Early check in + Menores Gratis 0-12,PREMIUM,140,MONARCA_FLYER
Holiday Inn Resort Ixtapa,,Ixtapa,2026-06-26,2026-06-28,TPL,2313,346.95,1966.05,2064.35,2138.67,2064.35,GRATIS (0-12 años),Early check in + Menores Gratis 0-12,PREMIUM,59,MONARCA_FLYER
PARK ROYAL IXTAPA,,Ixtapa,2026-06-26,2026-06-28,DBL,2290.0,343.5,1946.5,2043.83,2117.41,2043.83,700(7-12),,PREMIUM,58,BLOQUEOS_COMPARTIR
PARK ROYAL IXTAPA,,Ixtapa,2026-06-26,2026-06-28,SGL,4580.0,687.0,3893.0,4087.65,4234.81,4087.65,700(7-12),,PREMIUM,117,BLOQUEOS_COMPARTIR
PARK ROYAL IXTAPA,,Ixtapa,2026-06-26,2026-06-28,TPL,2228.0,334.2,1893.8,1988.49,2060.08,1988.49,700(7-12),,PREMIUM,57,BLOQUEOS_COMPARTIR
AZUL GRAND,,Ixtapa,2026-06-28,2026-06-30,DBL,2999.0,449.85,2549.15,2676.61,2772.97,2676.61,GRATIS(0-12),DESAYUNO A LA LLEGADA,LUXURY,102,BLOQUEOS_COMPARTIR
AZUL GRAND,,Ixtapa,2026-06-28,2026-06-30,SGL,4199.0,629.85,3569.15,3747.61,3882.52,3747.61,GRATIS(0-12),DESAYUNO A LA LLEGADA,LUXURY,143,BLOQUEOS_COMPARTIR
AZUL GRAND,,Ixtapa,2026-06-28,2026-06-30,TPL,2799.0,419.85,2379.15,2498.11,2588.04,2498.11,GRATIS(0-12),DESAYUNO A LA LLEGADA,LUXURY,95,BLOQUEOS_COMPARTIR
BRISAS IXTAPA,,Ixtapa,2026-06-28,2026-06-30,DBL,2375.0,356.25,2018.75,2119.69,2196.0,2119.69,GRATIS(7-12),,PREMIUM,61,BLOQUEOS_COMPARTIR
BRISAS IXTAPA,,Ixtapa,2026-06-28,2026-06-30,SGL,3625.0,543.75,3081.25,3235.31,3351.78,3235.31,GRATIS(7-12),,PREMIUM,92,BLOQUEOS_COMPARTIR
BRISAS IXTAPA,,Ixtapa,2026-06-28,2026-06-30,TPL,2133.0,319.95,1813.05,1903.7,1972.23,1903.7,GRATIS(7-12),,PREMIUM,54,BLOQUEOS_COMPARTIR
EMPORIO IXTAPA,,Ixtapa,2026-06-28,2026-06-30,DBL,1797.0,269.55,1527.45,1603.82,1661.56,1603.82,819(6-12)2x1,"EARLY CHECK IN PARA USO DE INSTALACIONES, NO INCLUYE DESAYUNO(ENTREGA DE HABITACIONES 15:00 HRS)",PREMIUM,46,BLOQUEOS_COMPARTIR
EMPORIO IXTAPA,,Ixtapa,2026-06-28,2026-06-30,SGL,2874.0,431.1,2442.9,2565.05,2657.39,2565.05,819(6-12)2x1,"EARLY CHECK IN PARA USO DE INSTALACIONES, NO INCLUYE DESAYUNO(ENTREGA DE HABITACIONES 15:00 HRS)",PREMIUM,73,BLOQUEOS_COMPARTIR
EMPORIO IXTAPA,,Ixtapa,2026-06-28,2026-06-30,TPL,1754.0,263.1,1490.9,1565.45,1621.81,1565.45,819(6-12)2x1,"EARLY CHECK IN PARA USO DE INSTALACIONES, NO INCLUYE DESAYUNO(ENTREGA DE HABITACIONES 15:00 HRS)",PREMIUM,45,BLOQUEOS_COMPARTIR
FONTAN IXTAPA,,Ixtapa,2026-06-28,2026-06-30,DBL,1743.0,261.45,1481.55,1555.63,1611.63,1555.63,490(6-12)2x1,DESAYUNO AMERICANO A LA LLEGADA,ESTANDAR,30,BLOQUEOS_COMPARTIR
FONTAN IXTAPA,,Ixtapa,2026-06-28,2026-06-30,SGL,2731.0,409.65,2321.35,2437.42,2525.17,2437.42,490(6-12)2x1,DESAYUNO AMERICANO A LA LLEGADA,ESTANDAR,46,BLOQUEOS_COMPARTIR
FONTAN IXTAPA,,Ixtapa,2026-06-28,2026-06-30,TPL,1665.0,249.75,1415.25,1486.01,1539.51,1486.01,490(6-12)2x1,DESAYUNO AMERICANO A LA LLEGADA,ESTANDAR,28,BLOQUEOS_COMPARTIR
HOLIDAY INN IXTAPA,,Ixtapa,2026-06-28,2026-07-01,DBL,2125.0,318.75,1806.25,1896.56,1964.84,1896.56,GRATIS(0-12),DESAYUNO A LA LLEGADA,PREMIUM,54,BLOQUEOS_COMPARTIR
HOLIDAY INN IXTAPA,,Ixtapa,2026-06-28,2026-07-01,SGL,4249.0,637.35,3611.65,3792.23,3928.75,3792.23,GRATIS(0-12),DESAYUNO A LA LLEGADA,PREMIUM,108,BLOQUEOS_COMPARTIR
HOLIDAY INN IXTAPA,,Ixtapa,2026-06-28,2026-07-01,TPL,2125.0,318.75,1806.25,1896.56,1964.84,1896.56,GRATIS(0-12),DESAYUNO A LA LLEGADA,PREMIUM,54,BLOQUEOS_COMPARTIR
Hotel Xcaret Mexico,Suite Garden / All Fun Inclusive,Riviera Maya,2026-06-28,2026-07-01,DBL,7867,1180.05,6686.95,7021.3,7274.07,7021.3,"JR(13-17): $2,867 | MNR hasta 12 GRATIS",Todo Incluido All Fun Inclusive | Parques incluidos | Xcaret Arte Show,PREMIUM PLUS,267,IMAGEN_XCARET
Hotel Xcaret Mexico,Suite Garden / All Fun Inclusive,Riviera Maya,2026-06-28,2026-07-01,SGL,15734,2360.1,13373.9,14042.59,14548.12,14042.59,"JR(13-17): $2,867 | MNR hasta 12 GRATIS",Todo Incluido All Fun Inclusive | Parques incluidos | Xcaret Arte Show,PREMIUM PLUS,535,IMAGEN_XCARET
Hotel Xcaret Mexico,Suite Garden / All Fun Inclusive,Riviera Maya,2026-06-28,2026-07-01,TPL,7080,1062.0,6018.0,6318.9,6546.38,6318.9,"JR(13-17): $2,867 | MNR hasta 12 GRATIS",Todo Incluido All Fun Inclusive | Parques incluidos | Xcaret Arte Show,PREMIUM PLUS,241,IMAGEN_XCARET
PARK ROYAL IXTAPA,,Ixtapa,2026-06-28,2026-06-30,DBL,2050.0,307.5,1742.5,1829.62,1895.49,1829.62,613 (7-12),,PREMIUM,52,BLOQUEOS_COMPARTIR
PARK ROYAL IXTAPA,,Ixtapa,2026-06-28,2026-06-30,SGL,4100.0,615.0,3485.0,3659.25,3790.98,3659.25,613 (7-12),,PREMIUM,105,BLOQUEOS_COMPARTIR
PARK ROYAL IXTAPA,,Ixtapa,2026-06-28,2026-06-30,TPL,1988.0,298.2,1689.8,1774.29,1838.16,1774.29,613 (7-12),,PREMIUM,51,BLOQUEOS_COMPARTIR
AZUL GRAND,,Ixtapa,2026-07-03,2026-07-05,DBL,2999.0,449.85,2549.15,2676.61,2772.97,2676.61,699(7-12) 299(3-6),,LUXURY,102,BLOQUEOS_COMPARTIR
AZUL GRAND,,Ixtapa,2026-07-03,2026-07-05,SGL,4199.0,629.85,3569.15,3747.61,3882.52,3747.61,699(7-12) 299(3-6),,LUXURY,143,BLOQUEOS_COMPARTIR
AZUL GRAND,,Ixtapa,2026-07-03,2026-07-05,TPL,2799.0,419.85,2379.15,2498.11,2588.04,2498.11,699(7-12) 299(3-6),,LUXURY,95,BLOQUEOS_COMPARTIR
AZUL IXTAPA,,Ixtapa,2026-07-03,2026-07-05,DBL,2599.0,389.85,2209.15,2319.61,2403.12,2319.61,599 (7-12) 199(3-6),,PREMIUM,66,BLOQUEOS_COMPARTIR
AZUL IXTAPA,,Ixtapa,2026-07-03,2026-07-05,SGL,3649.0,547.35,3101.65,3256.73,3373.97,3256.73,599 (7-12) 199(3-6),,PREMIUM,93,BLOQUEOS_COMPARTIR
AZUL IXTAPA,,Ixtapa,2026-07-03,2026-07-05,TPL,2432.0,364.8,2067.2,2170.56,2248.7,2170.56,599 (7-12) 199(3-6),,PREMIUM,62,BLOQUEOS_COMPARTIR
Azul Grand Ixtapa,,Ixtapa,2026-07-03,2026-07-05,DBL,2999,449.85,2549.15,2676.61,2772.97,2676.61,3-6: $299 | 7-12: $699,Venta controlada,LUXURY,102,MONARCA_FLYER
Azul Grand Ixtapa,,Ixtapa,2026-07-03,2026-07-05,SGL,4199,629.85,3569.15,3747.61,3882.52,3747.61,3-6: $299 | 7-12: $699,Venta controlada,LUXURY,143,MONARCA_FLYER
Azul Grand Ixtapa,,Ixtapa,2026-07-03,2026-07-05,TPL,2799,419.85,2379.15,2498.11,2588.04,2498.11,3-6: $299 | 7-12: $699,Venta controlada,LUXURY,95,MONARCA_FLYER
Azul Ixtapa,,Ixtapa,2026-07-03,2026-07-05,DBL,2599,389.85,2209.15,2319.61,2403.12,2319.61,3-6: $199 | 7-12: $599,Venta controlada,PREMIUM,66,MONARCA_FLYER
Azul Ixtapa,,Ixtapa,2026-07-03,2026-07-05,SGL,3649,547.35,3101.65,3256.73,3373.97,3256.73,3-6: $199 | 7-12: $599,Venta controlada,PREMIUM,93,MONARCA_FLYER
Azul Ixtapa,,Ixtapa,2026-07-03,2026-07-05,TPL,2433,364.95,2068.05,2171.45,2249.62,2171.45,3-6: $199 | 7-12: $599,Venta controlada,PREMIUM,62,MONARCA_FLYER
BRISAS IXTAPA,,Ixtapa,2026-07-03,2026-07-05,DBL,2719.0,407.85,2311.15,2426.71,2514.07,2426.71,1125(7-12)2x1,,PREMIUM,69,BLOQUEOS_COMPARTIR
BRISAS IXTAPA,,Ixtapa,2026-07-03,2026-07-05,SGL,4313.0,646.95,3666.05,3849.35,3987.93,3849.35,1125(7-12)2x1,,PREMIUM,110,BLOQUEOS_COMPARTIR
BRISAS IXTAPA,,Ixtapa,2026-07-03,2026-07-05,TPL,2404.0,360.6,2043.4,2145.57,2222.81,2145.57,1125(7-12)2x1,,PREMIUM,61,BLOQUEOS_COMPARTIR
EMPORIO IXTAPA / CAMA KING,,Ixtapa,2026-07-03,2026-07-05,DBL,2015.0,302.25,1712.75,1798.39,1863.13,1798.39,819(6-12),,PREMIUM,51,BLOQUEOS_COMPARTIR
EMPORIO IXTAPA / CAMA KING,,Ixtapa,2026-07-03,2026-07-05,SGL,3223.0,483.45,2739.55,2876.53,2980.09,2876.53,819(6-12),,PREMIUM,82,BLOQUEOS_COMPARTIR
HOLIDAY INN IXTAPA,,Ixtapa,2026-07-03,2026-07-05,DBL,2375.0,356.25,2018.75,2119.69,2196.0,2119.69,GRATIS(0-12),APLICA EARLY CHECK IN,PREMIUM,61,BLOQUEOS_COMPARTIR
HOLIDAY INN IXTAPA,,Ixtapa,2026-07-03,2026-07-05,SGL,4750.0,712.5,4037.5,4239.38,4392.0,4239.38,GRATIS(0-12),APLICA EARLY CHECK IN,PREMIUM,121,BLOQUEOS_COMPARTIR
HOLIDAY INN IXTAPA,,Ixtapa,2026-07-03,2026-07-05,TPL,2375.0,356.25,2018.75,2119.69,2196.0,2119.69,GRATIS(0-12),APLICA EARLY CHECK IN,PREMIUM,61,BLOQUEOS_COMPARTIR
Holiday Inn Resort Ixtapa,,Ixtapa,2026-07-03,2026-07-05,DBL,2407,361.05,2045.95,2148.25,2225.59,2148.25,GRATIS (0-12 años),Early check in + Menores Gratis 0-12,PREMIUM,61,MONARCA_FLYER
Holiday Inn Resort Ixtapa,,Ixtapa,2026-07-03,2026-07-05,SGL,4812.5,721.88,4090.62,4295.15,4449.78,4295.15,GRATIS (0-12 años),Early check in + Menores Gratis 0-12,PREMIUM,123,MONARCA_FLYER
Holiday Inn Resort Ixtapa,,Ixtapa,2026-07-03,2026-07-05,TPL,2407,361.05,2045.95,2148.25,2225.59,2148.25,GRATIS (0-12 años),Early check in + Menores Gratis 0-12,PREMIUM,61,MONARCA_FLYER
QUALTON IXTAPA,,Ixtapa,2026-07-03,2026-07-05,DBL,1999.0,299.85,1699.15,1784.11,1848.34,1784.11,599(6-12)2x1,,PREMIUM,51,BLOQUEOS_COMPARTIR
QUALTON IXTAPA,,Ixtapa,2026-07-03,2026-07-05,SGL,3198.0,479.7,2718.3,2854.22,2956.97,2854.22,599(6-12)2x1,,PREMIUM,82,BLOQUEOS_COMPARTIR
QUALTON IXTAPA,,Ixtapa,2026-07-03,2026-07-05,TPL,1899.0,284.85,1614.15,1694.86,1755.87,1694.86,599(6-12)2x1,,PREMIUM,48,BLOQUEOS_COMPARTIR
AZUL GRAND,,Ixtapa,2026-07-05,2026-07-07,DBL,2999.0,449.85,2549.15,2676.61,2772.97,2676.61,GRATIS(0-12),DESAYUNO A LA LLEGADA,LUXURY,102,BLOQUEOS_COMPARTIR
AZUL GRAND,,Ixtapa,2026-07-05,2026-07-07,SGL,4199.0,629.85,3569.15,3747.61,3882.52,3747.61,GRATIS(0-12),DESAYUNO A LA LLEGADA,LUXURY,143,BLOQUEOS_COMPARTIR
AZUL GRAND,,Ixtapa,2026-07-05,2026-07-07,TPL,2799.0,419.85,2379.15,2498.11,2588.04,2498.11,GRATIS(0-12),DESAYUNO A LA LLEGADA,LUXURY,95,BLOQUEOS_COMPARTIR
AZUL IXTAPA,,Ixtapa,2026-07-05,2026-07-08,DBL,2599.0,389.85,2209.15,2319.61,2403.12,2319.61,GRATIS(0-12),DESAYUNO A LA LLEGADA,PREMIUM,66,BLOQUEOS_COMPARTIR
AZUL IXTAPA,,Ixtapa,2026-07-05,2026-07-08,SGL,3649.0,547.35,3101.65,3256.73,3373.97,3256.73,GRATIS(0-12),DESAYUNO A LA LLEGADA,PREMIUM,93,BLOQUEOS_COMPARTIR
AZUL IXTAPA,,Ixtapa,2026-07-05,2026-07-08,TPL,2432.0,364.8,2067.2,2170.56,2248.7,2170.56,GRATIS(0-12),DESAYUNO A LA LLEGADA,PREMIUM,62,BLOQUEOS_COMPARTIR
BRISAS IXTAPA,,Ixtapa,2026-07-05,2026-07-07,DBL,2500.0,375.0,2125.0,2231.25,2311.58,2231.25,GRATIS(7-12),,PREMIUM,64,BLOQUEOS_COMPARTIR
BRISAS IXTAPA,,Ixtapa,2026-07-05,2026-07-07,SGL,3875.0,581.25,3293.75,3458.44,3582.94,3458.44,GRATIS(7-12),,PREMIUM,99,BLOQUEOS_COMPARTIR
BRISAS IXTAPA,,Ixtapa,2026-07-05,2026-07-07,TPL,2258.0,338.7,1919.3,2015.27,2087.82,2015.27,GRATIS(7-12),,PREMIUM,58,BLOQUEOS_COMPARTIR
EMPORIO IXTAPA,,Ixtapa,2026-07-05,2026-07-07,DBL,2015.0,302.25,1712.75,1798.39,1863.13,1798.39,819(6-12)2x1,"EARLY CHECK IN PARA USO DE INSTALACIONES, NO INCLUYE DESAYUNO(ENTREGA DE HABITACIONES 15:00 HRS)",PREMIUM,51,BLOQUEOS_COMPARTIR
EMPORIO IXTAPA,,Ixtapa,2026-07-05,2026-07-07,SGL,3223.0,483.45,2739.55,2876.53,2980.09,2876.53,819(6-12)2x1,"EARLY CHECK IN PARA USO DE INSTALACIONES, NO INCLUYE DESAYUNO(ENTREGA DE HABITACIONES 15:00 HRS)",PREMIUM,82,BLOQUEOS_COMPARTIR
EMPORIO IXTAPA,,Ixtapa,2026-07-05,2026-07-07,TPL,1900.0,285.0,1615.0,1695.75,1756.8,1695.75,819(6-12)2x1,"EARLY CHECK IN PARA USO DE INSTALACIONES, NO INCLUYE DESAYUNO(ENTREGA DE HABITACIONES 15:00 HRS)",PREMIUM,48,BLOQUEOS_COMPARTIR
FONTAN IXTAPA,,Ixtapa,2026-07-05,2026-07-07,DBL,1743.0,261.45,1481.55,1555.63,1611.63,1555.63,490(6-12)2x1,DESAYUNO AMERICANO A LA LLEGADA,ESTANDAR,30,BLOQUEOS_COMPARTIR
FONTAN IXTAPA,,Ixtapa,2026-07-05,2026-07-07,SGL,2731.0,409.65,2321.35,2437.42,2525.17,2437.42,490(6-12)2x1,DESAYUNO AMERICANO A LA LLEGADA,ESTANDAR,46,BLOQUEOS_COMPARTIR
FONTAN IXTAPA,,Ixtapa,2026-07-05,2026-07-07,TPL,1665.0,249.75,1415.25,1486.01,1539.51,1486.01,490(6-12)2x1,DESAYUNO AMERICANO A LA LLEGADA,ESTANDAR,28,BLOQUEOS_COMPARTIR
HOLIDAY INN IXTAPA,,Ixtapa,2026-07-05,2026-07-08,DBL,2125.0,318.75,1806.25,1896.56,1964.84,1896.56,GRATIS(0-12),DESAYUNO A LA LLEGADA,PREMIUM,54,BLOQUEOS_COMPARTIR
HOLIDAY INN IXTAPA,,Ixtapa,2026-07-05,2026-07-08,SGL,4249.0,637.35,3611.65,3792.23,3928.75,3792.23,GRATIS(0-12),DESAYUNO A LA LLEGADA,PREMIUM,108,BLOQUEOS_COMPARTIR
HOLIDAY INN IXTAPA,,Ixtapa,2026-07-05,2026-07-08,TPL,2125.0,318.75,1806.25,1896.56,1964.84,1896.56,GRATIS(0-12),DESAYUNO A LA LLEGADA,PREMIUM,54,BLOQUEOS_COMPARTIR
AZUL GRAND,,Ixtapa,2026-07-10,2026-07-12,DBL,3299.0,494.85,2804.15,2944.36,3050.36,2944.36,699(7-12) 299(3-6),,LUXURY,112,BLOQUEOS_COMPARTIR
AZUL GRAND,,Ixtapa,2026-07-10,2026-07-12,SGL,4599.0,689.85,3909.15,4104.61,4252.38,4104.61,699(7-12) 299(3-6),,LUXURY,156,BLOQUEOS_COMPARTIR
AZUL GRAND,,Ixtapa,2026-07-10,2026-07-12,TPL,3082.0,462.3,2619.7,2750.68,2849.7,2750.68,699(7-12) 299(3-6),,LUXURY,105,BLOQUEOS_COMPARTIR
AZUL IXTAPA,,Ixtapa,2026-07-10,2026-07-12,DBL,2899.0,434.85,2464.15,2587.36,2680.5,2587.36,599 (7-12) 199(3-6),,PREMIUM,74,BLOQUEOS_COMPARTIR
AZUL IXTAPA,,Ixtapa,2026-07-10,2026-07-12,SGL,4049.0,607.35,3441.65,3613.73,3743.82,3613.73,599 (7-12) 199(3-6),,PREMIUM,103,BLOQUEOS_COMPARTIR
AZUL IXTAPA,,Ixtapa,2026-07-10,2026-07-12,TPL,2699.0,404.85,2294.15,2408.86,2495.58,2408.86,599 (7-12) 199(3-6),,PREMIUM,69,BLOQUEOS_COMPARTIR
BRISAS IXTAPA,,Ixtapa,2026-07-10,2026-07-12,DBL,2719.0,407.85,2311.15,2426.71,2514.07,2426.71,1125(7-12)2x1,,PREMIUM,69,BLOQUEOS_COMPARTIR
BRISAS IXTAPA,,Ixtapa,2026-07-10,2026-07-12,SGL,4313.0,646.95,3666.05,3849.35,3987.93,3849.35,1125(7-12)2x1,,PREMIUM,110,BLOQUEOS_COMPARTIR
BRISAS IXTAPA,,Ixtapa,2026-07-10,2026-07-12,TPL,2404.0,360.6,2043.4,2145.57,2222.81,2145.57,1125(7-12)2x1,,PREMIUM,61,BLOQUEOS_COMPARTIR
EMPORIO IXTAPA / CAMA KING,,Ixtapa,2026-07-10,2026-07-12,DBL,2015.0,302.25,1712.75,1798.39,1863.13,1798.39,819(6-12),,PREMIUM,51,BLOQUEOS_COMPARTIR
EMPORIO IXTAPA / CAMA KING,,Ixtapa,2026-07-10,2026-07-12,SGL,3223.0,483.45,2739.55,2876.53,2980.09,2876.53,819(6-12),,PREMIUM,82,BLOQUEOS_COMPARTIR
Holiday Inn Resort Ixtapa,,Ixtapa,2026-07-10,2026-07-12,DBL,2438,365.7,2072.3,2175.92,2254.25,2175.92,GRATIS (0-12 años),Early check in + Menores Gratis 0-12,PREMIUM,62,MONARCA_FLYER
Holiday Inn Resort Ixtapa,,Ixtapa,2026-07-10,2026-07-12,SGL,4875,731.25,4143.75,4350.94,4507.57,4350.94,GRATIS (0-12 años),Early check in + Menores Gratis 0-12,PREMIUM,124,MONARCA_FLYER
Holiday Inn Resort Ixtapa,,Ixtapa,2026-07-10,2026-07-12,TPL,2438,365.7,2072.3,2175.92,2254.25,2175.92,GRATIS (0-12 años),Early check in + Menores Gratis 0-12,PREMIUM,62,MONARCA_FLYER
QUALTON IXTAPA,,Ixtapa,2026-07-10,2026-07-12,DBL,1999.0,299.85,1699.15,1784.11,1848.34,1784.11,599(6-12)2x1,,PREMIUM,51,BLOQUEOS_COMPARTIR
QUALTON IXTAPA,,Ixtapa,2026-07-10,2026-07-12,SGL,3198.0,479.7,2718.3,2854.22,2956.97,2854.22,599(6-12)2x1,,PREMIUM,82,BLOQUEOS_COMPARTIR
QUALTON IXTAPA,,Ixtapa,2026-07-10,2026-07-12,TPL,1899.0,284.85,1614.15,1694.86,1755.87,1694.86,599(6-12)2x1,,PREMIUM,48,BLOQUEOS_COMPARTIR
AZUL GRAND,,Ixtapa,2026-07-12,2026-07-14,DBL,3299.0,494.85,2804.15,2944.36,3050.36,2944.36,GRATIS(0-12),DESAYUNO A LA LLEGADA,LUXURY,112,BLOQUEOS_COMPARTIR
AZUL GRAND,,Ixtapa,2026-07-12,2026-07-14,SGL,4599.0,689.85,3909.15,4104.61,4252.38,4104.61,GRATIS(0-12),DESAYUNO A LA LLEGADA,LUXURY,156,BLOQUEOS_COMPARTIR
AZUL GRAND,,Ixtapa,2026-07-12,2026-07-14,TPL,3082.0,462.3,2619.7,2750.68,2849.7,2750.68,GRATIS(0-12),DESAYUNO A LA LLEGADA,LUXURY,105,BLOQUEOS_COMPARTIR
AZUL IXTAPA,,Ixtapa,2026-07-12,2026-07-14,DBL,2899.0,434.85,2464.15,2587.36,2680.5,2587.36,GRATIS (0-12),DESAYUNO A LA LLEGADA,PREMIUM,74,BLOQUEOS_COMPARTIR
AZUL IXTAPA,,Ixtapa,2026-07-12,2026-07-14,SGL,4049.0,607.35,3441.65,3613.73,3743.82,3613.73,GRATIS (0-12),DESAYUNO A LA LLEGADA,PREMIUM,103,BLOQUEOS_COMPARTIR
AZUL IXTAPA,,Ixtapa,2026-07-12,2026-07-14,TPL,2699.0,404.85,2294.15,2408.86,2495.58,2408.86,GRATIS (0-12),DESAYUNO A LA LLEGADA,PREMIUM,69,BLOQUEOS_COMPARTIR
BRISAS IXTAPA,,Ixtapa,2026-07-12,2026-07-14,DBL,2500.0,375.0,2125.0,2231.25,2311.58,2231.25,GRATIS(7-12),,PREMIUM,64,BLOQUEOS_COMPARTIR
BRISAS IXTAPA,,Ixtapa,2026-07-12,2026-07-14,SGL,3875.0,581.25,3293.75,3458.44,3582.94,3458.44,GRATIS(7-12),,PREMIUM,99,BLOQUEOS_COMPARTIR
BRISAS IXTAPA,,Ixtapa,2026-07-12,2026-07-14,TPL,2258.0,338.7,1919.3,2015.27,2087.82,2015.27,GRATIS(7-12),,PREMIUM,58,BLOQUEOS_COMPARTIR
FONTAN IXTAPA,,Ixtapa,2026-07-12,2026-07-14,DBL,1750.0,262.5,1487.5,1561.88,1618.11,1561.88,490(6-12)2x1,DESAYUNO AMERICANO A LA LLEGADA,ESTANDAR,30,BLOQUEOS_COMPARTIR
FONTAN IXTAPA,,Ixtapa,2026-07-12,2026-07-14,SGL,3185.0,477.75,2707.25,2842.61,2944.94,2842.61,490(6-12)2x1,DESAYUNO AMERICANO A LA LLEGADA,ESTANDAR,54,BLOQUEOS_COMPARTIR
FONTAN IXTAPA,,Ixtapa,2026-07-12,2026-07-14,TPL,1540.0,231.0,1309.0,1374.45,1423.93,1374.45,490(6-12)2x1,DESAYUNO AMERICANO A LA LLEGADA,ESTANDAR,26,BLOQUEOS_COMPARTIR
EMPORIO IXTAPA,,Ixtapa,2026-07-16,2026-07-19,DBL,2233.0,334.95,1898.05,1992.95,2064.7,1992.95,819(6-12),,PREMIUM,57,BLOQUEOS_COMPARTIR
EMPORIO IXTAPA,,Ixtapa,2026-07-16,2026-07-19,SGL,3572.0,535.8,3036.2,3188.01,3302.78,3188.01,819(6-12),,PREMIUM,91,BLOQUEOS_COMPARTIR
EMPORIO IXTAPA,,Ixtapa,2026-07-16,2026-07-19,TPL,2045.0,306.75,1738.25,1825.16,1890.87,1825.16,819(6-12),,PREMIUM,52,BLOQUEOS_COMPARTIR
EMPORIO IXTAPA / CAMA KING,,Ixtapa,2026-07-16,2026-07-19,DBL,2233.0,334.95,1898.05,1992.95,2064.7,1992.95,819(6-12),,PREMIUM,57,BLOQUEOS_COMPARTIR
EMPORIO IXTAPA / CAMA KING,,Ixtapa,2026-07-16,2026-07-19,SGL,3572.0,535.8,3036.2,3188.01,3302.78,3188.01,819(6-12),,PREMIUM,91,BLOQUEOS_COMPARTIR
EMPORIO IXTAPA / VISTA AL MAR,,Ixtapa,2026-07-16,2026-07-19,DBL,2443.0,366.45,2076.55,2180.38,2258.87,2180.38,819(6-12),,PREMIUM,62,BLOQUEOS_COMPARTIR
EMPORIO IXTAPA / VISTA AL MAR,,Ixtapa,2026-07-16,2026-07-19,SGL,3992.0,598.8,3393.2,3562.86,3691.12,3562.86,819(6-12),,PREMIUM,102,BLOQUEOS_COMPARTIR
EMPORIO IXTAPA / VISTA AL MAR,,Ixtapa,2026-07-16,2026-07-19,TPL,2185.0,327.75,1857.25,1950.11,2020.31,1950.11,819(6-12),,PREMIUM,56,BLOQUEOS_COMPARTIR
Nickelodeon Hotels & Resorts Riviera Maya,Swim-Up Oceanfront King Suite,Riviera Maya,2026-07-16,2026-07-19,DBL,7581,1137.15,6443.85,6766.04,7009.62,6766.04,"MNR(3-12): $3,790 King / $3,825 Queen | JR(13-17): $5,686 King / $5,738 Queen",Todo Incluido | Personajes Nickelodeon,LUXURY,258,IMAGEN_NICKELODEON
Nickelodeon Hotels & Resorts Riviera Maya,Swim-Up Oceanfront Queen Suite,Riviera Maya,2026-07-16,2026-07-19,DBL,7651,1147.65,6503.35,6828.52,7074.35,6828.52,"MNR(3-12): $3,790 King / $3,825 Queen | JR(13-17): $5,686 King / $5,738 Queen",Todo Incluido | Personajes Nickelodeon,LUXURY,260,IMAGEN_NICKELODEON
Nickelodeon Hotels & Resorts Riviera Maya,Swim-Up Oceanfront King Suite,Riviera Maya,2026-07-16,2026-07-19,SGL,11371,1705.65,9665.35,10148.62,10513.97,10148.62,"MNR(3-12): $3,790 King / $3,825 Queen | JR(13-17): $5,686 King / $5,738 Queen",Todo Incluido | Personajes Nickelodeon,LUXURY,387,IMAGEN_NICKELODEON
Nickelodeon Hotels & Resorts Riviera Maya,Swim-Up Oceanfront Queen Suite,Riviera Maya,2026-07-16,2026-07-19,SGL,11476,1721.4,9754.6,10242.33,10611.05,10242.33,"MNR(3-12): $3,790 King / $3,825 Queen | JR(13-17): $5,686 King / $5,738 Queen",Todo Incluido | Personajes Nickelodeon,LUXURY,390,IMAGEN_NICKELODEON
Nickelodeon Hotels & Resorts Riviera Maya,Swim-Up Oceanfront King Suite,Riviera Maya,2026-07-16,2026-07-19,TPL,6824,1023.6,5800.4,6090.42,6309.68,6090.42,"MNR(3-12): $3,790 King / $3,825 Queen | JR(13-17): $5,686 King / $5,738 Queen",Todo Incluido | Personajes Nickelodeon,LUXURY,232,IMAGEN_NICKELODEON
Nickelodeon Hotels & Resorts Riviera Maya,Swim-Up Oceanfront Queen Suite,Riviera Maya,2026-07-16,2026-07-19,TPL,6886,1032.9,5853.1,6145.76,6367.01,6145.76,"MNR(3-12): $3,790 King / $3,825 Queen | JR(13-17): $5,686 King / $5,738 Queen",Todo Incluido | Personajes Nickelodeon,LUXURY,234,IMAGEN_NICKELODEON
AZUL GRAND,,Ixtapa,2026-07-17,2026-07-19,DBL,3299.0,494.85,2804.15,2944.36,3050.36,2944.36,699(7-12) 299(3-6),,LUXURY,112,BLOQUEOS_COMPARTIR
AZUL GRAND,,Ixtapa,2026-07-17,2026-07-19,SGL,4599.0,689.85,3909.15,4104.61,4252.38,4104.61,699(7-12) 299(3-6),,LUXURY,156,BLOQUEOS_COMPARTIR
AZUL GRAND,,Ixtapa,2026-07-17,2026-07-19,TPL,3082.0,462.3,2619.7,2750.68,2849.7,2750.68,699(7-12) 299(3-6),,LUXURY,105,BLOQUEOS_COMPARTIR
AZUL IXTAPA,,Ixtapa,2026-07-17,2026-07-19,DBL,2899.0,434.85,2464.15,2587.36,2680.5,2587.36,599 (7-12) 199(3-6),,PREMIUM,74,BLOQUEOS_COMPARTIR
AZUL IXTAPA,,Ixtapa,2026-07-17,2026-07-19,SGL,4049.0,607.35,3441.65,3613.73,3743.82,3613.73,599 (7-12) 199(3-6),,PREMIUM,103,BLOQUEOS_COMPARTIR
AZUL IXTAPA,,Ixtapa,2026-07-17,2026-07-19,TPL,2699.0,404.85,2294.15,2408.86,2495.58,2408.86,599 (7-12) 199(3-6),,PREMIUM,69,BLOQUEOS_COMPARTIR
BRISAS IXTAPA,,Ixtapa,2026-07-17,2026-07-19,DBL,2719.0,407.85,2311.15,2426.71,2514.07,2426.71,1125(7-12)2x1,,PREMIUM,69,BLOQUEOS_COMPARTIR
BRISAS IXTAPA,,Ixtapa,2026-07-17,2026-07-19,SGL,4313.0,646.95,3666.05,3849.35,3987.93,3849.35,1125(7-12)2x1,,PREMIUM,110,BLOQUEOS_COMPARTIR
BRISAS IXTAPA,,Ixtapa,2026-07-17,2026-07-19,TPL,2404.0,360.6,2043.4,2145.57,2222.81,2145.57,1125(7-12)2x1,,PREMIUM,61,BLOQUEOS_COMPARTIR
FONTAN IXTAPA,,Ixtapa,2026-07-17,2026-07-19,DBL,1875.0,281.25,1593.75,1673.44,1733.68,1673.44,490(6-12)2x1,DESAYUNO AMERICANO A LA LLEGADA,ESTANDAR,32,BLOQUEOS_COMPARTIR
FONTAN IXTAPA,,Ixtapa,2026-07-17,2026-07-19,SGL,3435.0,515.25,2919.75,3065.74,3176.11,3065.74,490(6-12)2x1,DESAYUNO AMERICANO A LA LLEGADA,ESTANDAR,58,BLOQUEOS_COMPARTIR
FONTAN IXTAPA,,Ixtapa,2026-07-17,2026-07-19,TPL,1665.0,249.75,1415.25,1486.01,1539.51,1486.01,490(6-12)2x1,DESAYUNO AMERICANO A LA LLEGADA,ESTANDAR,28,BLOQUEOS_COMPARTIR
AZUL GRAND,,Ixtapa,2026-07-19,2026-07-21,DBL,3299.0,494.85,2804.15,2944.36,3050.36,2944.36,GRATIS(0-12),DESAYUNO A LA LLEGADA,LUXURY,112,BLOQUEOS_COMPARTIR
AZUL GRAND,,Ixtapa,2026-07-19,2026-07-21,SGL,4599.0,689.85,3909.15,4104.61,4252.38,4104.61,GRATIS(0-12),DESAYUNO A LA LLEGADA,LUXURY,156,BLOQUEOS_COMPARTIR
AZUL GRAND,,Ixtapa,2026-07-19,2026-07-21,TPL,3082.0,462.3,2619.7,2750.68,2849.7,2750.68,GRATIS(0-12),DESAYUNO A LA LLEGADA,LUXURY,105,BLOQUEOS_COMPARTIR
AZUL IXTAPA,,Ixtapa,2026-07-19,2026-07-21,DBL,2899.0,434.85,2464.15,2587.36,2680.5,2587.36,GRATIS (0-12),DESAYUNO A LA LLEGADA,PREMIUM,74,BLOQUEOS_COMPARTIR
AZUL IXTAPA,,Ixtapa,2026-07-19,2026-07-21,SGL,4049.0,607.35,3441.65,3613.73,3743.82,3613.73,GRATIS (0-12),DESAYUNO A LA LLEGADA,PREMIUM,103,BLOQUEOS_COMPARTIR
AZUL IXTAPA,,Ixtapa,2026-07-19,2026-07-21,TPL,2699.0,404.85,2294.15,2408.86,2495.58,2408.86,GRATIS (0-12),DESAYUNO A LA LLEGADA,PREMIUM,69,BLOQUEOS_COMPARTIR
EMPORIO IXTAPA,,Ixtapa,2026-07-19,2026-07-21,DBL,2233.0,334.95,1898.05,1992.95,2064.7,1992.95,819(6-12),,PREMIUM,57,BLOQUEOS_COMPARTIR
EMPORIO IXTAPA,,Ixtapa,2026-07-19,2026-07-21,SGL,3572.0,535.8,3036.2,3188.01,3302.78,3188.01,819(6-12),,PREMIUM,91,BLOQUEOS_COMPARTIR
EMPORIO IXTAPA,,Ixtapa,2026-07-19,2026-07-21,TPL,2045.0,306.75,1738.25,1825.16,1890.87,1825.16,819(6-12),,PREMIUM,52,BLOQUEOS_COMPARTIR
FONTAN IXTAPA,,Ixtapa,2026-07-19,2026-07-21,DBL,1743.0,261.45,1481.55,1555.63,1611.63,1555.63,490(6-12)2x1,DESAYUNO AMERICANO A LA LLEGADA,ESTANDAR,30,BLOQUEOS_COMPARTIR
FONTAN IXTAPA,,Ixtapa,2026-07-19,2026-07-21,SGL,3171.0,475.65,2695.35,2830.12,2932.0,2830.12,490(6-12)2x1,DESAYUNO AMERICANO A LA LLEGADA,ESTANDAR,54,BLOQUEOS_COMPARTIR
FONTAN IXTAPA,,Ixtapa,2026-07-19,2026-07-21,TPL,1533.0,229.95,1303.05,1368.2,1417.46,1368.2,490(6-12)2x1,DESAYUNO AMERICANO A LA LLEGADA,ESTANDAR,26,BLOQUEOS_COMPARTIR
Sunscape Dorado Ixtapa,,Ixtapa,2026-07-19,2026-07-21,DBL,2588.0,388.2,2199.8,2309.79,2392.94,2309.79,MNR 3-12: $438,,PREMIUM,66,BLOQUEOS_CLICK
Sunscape Dorado Ixtapa,,Ixtapa,2026-07-19,2026-07-21,SGL,3881.0,582.15,3298.85,3463.79,3588.49,3463.79,MNR 3-12: $438,,PREMIUM,99,BLOQUEOS_CLICK
Sunscape Dorado Ixtapa,,Ixtapa,2026-07-19,2026-07-21,TPL,2415.0,362.25,2052.75,2155.39,2232.98,2155.39,MNR 3-12: $438,,PREMIUM,62,BLOQUEOS_CLICK
EMPORIO IXTAPA,,Ixtapa,2026-07-23,2026-07-26,DBL,2233.0,334.95,1898.05,1992.95,2064.7,1992.95,819(6-12),,PREMIUM,57,BLOQUEOS_COMPARTIR
EMPORIO IXTAPA,,Ixtapa,2026-07-23,2026-07-26,SGL,3572.0,535.8,3036.2,3188.01,3302.78,3188.01,819(6-12),,PREMIUM,91,BLOQUEOS_COMPARTIR
EMPORIO IXTAPA,,Ixtapa,2026-07-23,2026-07-26,TPL,2045.0,306.75,1738.25,1825.16,1890.87,1825.16,819(6-12),,PREMIUM,52,BLOQUEOS_COMPARTIR
EMPORIO IXTAPA / CAMA KING,,Ixtapa,2026-07-23,2026-07-26,DBL,2233.0,334.95,1898.05,1992.95,2064.7,1992.95,819(6-12),,PREMIUM,57,BLOQUEOS_COMPARTIR
EMPORIO IXTAPA / CAMA KING,,Ixtapa,2026-07-23,2026-07-26,SGL,3572.0,535.8,3036.2,3188.01,3302.78,3188.01,819(6-12),,PREMIUM,91,BLOQUEOS_COMPARTIR
EMPORIO IXTAPA / VISTA AL MAR,,Ixtapa,2026-07-23,2026-07-26,DBL,2443.0,366.45,2076.55,2180.38,2258.87,2180.38,819(6-12),,PREMIUM,62,BLOQUEOS_COMPARTIR
EMPORIO IXTAPA / VISTA AL MAR,,Ixtapa,2026-07-23,2026-07-26,SGL,3992.0,598.8,3393.2,3562.86,3691.12,3562.86,819(6-12),,PREMIUM,102,BLOQUEOS_COMPARTIR
EMPORIO IXTAPA / VISTA AL MAR,,Ixtapa,2026-07-23,2026-07-26,TPL,2185.0,327.75,1857.25,1950.11,2020.31,1950.11,819(6-12),,PREMIUM,56,BLOQUEOS_COMPARTIR
AZUL GRAND,,Ixtapa,2026-07-24,2026-07-26,DBL,3299.0,494.85,2804.15,2944.36,3050.36,2944.36,699(7-12) 299(3-6),,LUXURY,112,BLOQUEOS_COMPARTIR
AZUL GRAND,,Ixtapa,2026-07-24,2026-07-26,SGL,4599.0,689.85,3909.15,4104.61,4252.38,4104.61,699(7-12) 299(3-6),,LUXURY,156,BLOQUEOS_COMPARTIR
AZUL GRAND,,Ixtapa,2026-07-24,2026-07-26,TPL,3082.0,462.3,2619.7,2750.68,2849.7,2750.68,699(7-12) 299(3-6),,LUXURY,105,BLOQUEOS_COMPARTIR
AZUL IXTAPA,,Ixtapa,2026-07-24,2026-07-26,DBL,2899.0,434.85,2464.15,2587.36,2680.5,2587.36,599 (7-12) 199(3-6),,PREMIUM,74,BLOQUEOS_COMPARTIR
AZUL IXTAPA,,Ixtapa,2026-07-24,2026-07-26,SGL,4049.0,607.35,3441.65,3613.73,3743.82,3613.73,599 (7-12) 199(3-6),,PREMIUM,103,BLOQUEOS_COMPARTIR
AZUL IXTAPA,,Ixtapa,2026-07-24,2026-07-26,TPL,2699.0,404.85,2294.15,2408.86,2495.58,2408.86,599 (7-12) 199(3-6),,PREMIUM,69,BLOQUEOS_COMPARTIR
FONTAN IXTAPA,,Ixtapa,2026-07-24,2026-07-26,DBL,1950.0,292.5,1657.5,1740.38,1803.03,1740.38,490(6-12)2x1,DESAYUNO AMERICANO A LA LLEGADA,ESTANDAR,33,BLOQUEOS_COMPARTIR
FONTAN IXTAPA,,Ixtapa,2026-07-24,2026-07-26,SGL,3585.0,537.75,3047.25,3199.61,3314.8,3199.61,490(6-12)2x1,DESAYUNO AMERICANO A LA LLEGADA,ESTANDAR,61,BLOQUEOS_COMPARTIR
FONTAN IXTAPA,,Ixtapa,2026-07-24,2026-07-26,TPL,1740.0,261.0,1479.0,1552.95,1608.86,1552.95,490(6-12)2x1,DESAYUNO AMERICANO A LA LLEGADA,ESTANDAR,30,BLOQUEOS_COMPARTIR
Holiday Inn Resort Ixtapa,,Ixtapa,2026-07-24,2026-07-26,DBL,2750,412.5,2337.5,2454.38,2542.74,2454.38,GRATIS (0-12 años),Early check in + Menores Gratis 0-12,PREMIUM,70,MONARCA_FLYER
Holiday Inn Resort Ixtapa,,Ixtapa,2026-07-24,2026-07-26,SGL,5500,825.0,4675.0,4908.75,5085.47,4908.75,GRATIS (0-12 años),Early check in + Menores Gratis 0-12,PREMIUM,140,MONARCA_FLYER
Holiday Inn Resort Ixtapa,,Ixtapa,2026-07-24,2026-07-26,TPL,2750,412.5,2337.5,2454.38,2542.74,2454.38,GRATIS (0-12 años),Early check in + Menores Gratis 0-12,PREMIUM,70,MONARCA_FLYER
QUALTON IXTAPA,,Ixtapa,2026-07-24,2026-07-26,DBL,2399.0,359.85,2039.15,2141.11,2218.19,2141.11,599(6-12),,PREMIUM,61,BLOQUEOS_COMPARTIR
QUALTON IXTAPA,,Ixtapa,2026-07-24,2026-07-26,SGL,3998.0,599.7,3398.3,3568.22,3696.68,3568.22,599(6-12),,PREMIUM,102,BLOQUEOS_COMPARTIR
QUALTON IXTAPA,,Ixtapa,2026-07-24,2026-07-26,TPL,2299.0,344.85,1954.15,2051.86,2125.73,2051.86,599(6-12),,PREMIUM,59,BLOQUEOS_COMPARTIR
AZUL GRAND,,Ixtapa,2026-07-26,2026-07-28,DBL,3299.0,494.85,2804.15,2944.36,3050.36,2944.36,GRATIS(0-12),DESAYUNO A LA LLEGADA,LUXURY,112,BLOQUEOS_COMPARTIR
AZUL GRAND,,Ixtapa,2026-07-26,2026-07-28,SGL,4599.0,689.85,3909.15,4104.61,4252.38,4104.61,GRATIS(0-12),DESAYUNO A LA LLEGADA,LUXURY,156,BLOQUEOS_COMPARTIR
AZUL GRAND,,Ixtapa,2026-07-26,2026-07-28,TPL,3082.0,462.3,2619.7,2750.68,2849.7,2750.68,GRATIS(0-12),DESAYUNO A LA LLEGADA,LUXURY,105,BLOQUEOS_COMPARTIR
AZUL IXTAPA,,Ixtapa,2026-07-26,2026-07-28,DBL,2899.0,434.85,2464.15,2587.36,2680.5,2587.36,GRATIS (0-12),DESAYUNO A LA LLEGADA,PREMIUM,74,BLOQUEOS_COMPARTIR
AZUL IXTAPA,,Ixtapa,2026-07-26,2026-07-28,SGL,4049.0,607.35,3441.65,3613.73,3743.82,3613.73,GRATIS (0-12),DESAYUNO A LA LLEGADA,PREMIUM,103,BLOQUEOS_COMPARTIR
AZUL IXTAPA,,Ixtapa,2026-07-26,2026-07-28,TPL,2699.0,404.85,2294.15,2408.86,2495.58,2408.86,GRATIS (0-12),DESAYUNO A LA LLEGADA,PREMIUM,69,BLOQUEOS_COMPARTIR
FONTAN IXTAPA,,Ixtapa,2026-07-26,2026-07-28,DBL,1875.0,281.25,1593.75,1673.44,1733.68,1673.44,490(6-12)2x1,DESAYUNO AMERICANO A LA LLEGADA,ESTANDAR,32,BLOQUEOS_COMPARTIR
FONTAN IXTAPA,,Ixtapa,2026-07-26,2026-07-28,SGL,3435.0,515.25,2919.75,3065.74,3176.11,3065.74,490(6-12)2x1,DESAYUNO AMERICANO A LA LLEGADA,ESTANDAR,58,BLOQUEOS_COMPARTIR
FONTAN IXTAPA,,Ixtapa,2026-07-26,2026-07-28,TPL,1665.0,249.75,1415.25,1486.01,1539.51,1486.01,490(6-12)2x1,DESAYUNO AMERICANO A LA LLEGADA,ESTANDAR,28,BLOQUEOS_COMPARTIR
HOLIDAY INN IXTAPA,,Ixtapa,2026-07-26,2026-07-28,DBL,2750.0,412.5,2337.5,2454.38,2542.74,2454.38,GRATIS(0-12),APLICA EARLY CHECK IN,PREMIUM,70,BLOQUEOS_COMPARTIR
HOLIDAY INN IXTAPA,,Ixtapa,2026-07-26,2026-07-28,SGL,5500.0,825.0,4675.0,4908.75,5085.47,4908.75,GRATIS(0-12),APLICA EARLY CHECK IN,PREMIUM,140,BLOQUEOS_COMPARTIR
HOLIDAY INN IXTAPA,,Ixtapa,2026-07-26,2026-07-28,TPL,2750.0,412.5,2337.5,2454.38,2542.74,2454.38,GRATIS(0-12),APLICA EARLY CHECK IN,PREMIUM,70,BLOQUEOS_COMPARTIR
Nickelodeon Hotels & Resorts Riviera Maya,Swim-Up Oceanfront King Suite,Riviera Maya,2026-07-26,2026-07-29,DBL,7581,1137.15,6443.85,6766.04,7009.62,6766.04,"MNR(3-12): $3,790 King / $3,825 Queen | JR(13-17): $5,686 King / $5,738 Queen",Todo Incluido | Personajes Nickelodeon,LUXURY,258,IMAGEN_NICKELODEON
Nickelodeon Hotels & Resorts Riviera Maya,Swim-Up Oceanfront Queen Suite,Riviera Maya,2026-07-26,2026-07-29,DBL,7651,1147.65,6503.35,6828.52,7074.35,6828.52,"MNR(3-12): $3,790 King / $3,825 Queen | JR(13-17): $5,686 King / $5,738 Queen",Todo Incluido | Personajes Nickelodeon,LUXURY,260,IMAGEN_NICKELODEON
Nickelodeon Hotels & Resorts Riviera Maya,Swim-Up Oceanfront King Suite,Riviera Maya,2026-07-26,2026-07-29,SGL,11371,1705.65,9665.35,10148.62,10513.97,10148.62,"MNR(3-12): $3,790 King / $3,825 Queen | JR(13-17): $5,686 King / $5,738 Queen",Todo Incluido | Personajes Nickelodeon,LUXURY,387,IMAGEN_NICKELODEON
Nickelodeon Hotels & Resorts Riviera Maya,Swim-Up Oceanfront Queen Suite,Riviera Maya,2026-07-26,2026-07-29,SGL,11476,1721.4,9754.6,10242.33,10611.05,10242.33,"MNR(3-12): $3,790 King / $3,825 Queen | JR(13-17): $5,686 King / $5,738 Queen",Todo Incluido | Personajes Nickelodeon,LUXURY,390,IMAGEN_NICKELODEON
Nickelodeon Hotels & Resorts Riviera Maya,Swim-Up Oceanfront King Suite,Riviera Maya,2026-07-26,2026-07-29,TPL,6824,1023.6,5800.4,6090.42,6309.68,6090.42,"MNR(3-12): $3,790 King / $3,825 Queen | JR(13-17): $5,686 King / $5,738 Queen",Todo Incluido | Personajes Nickelodeon,LUXURY,232,IMAGEN_NICKELODEON
Nickelodeon Hotels & Resorts Riviera Maya,Swim-Up Oceanfront Queen Suite,Riviera Maya,2026-07-26,2026-07-29,TPL,6886,1032.9,5853.1,6145.76,6367.01,6145.76,"MNR(3-12): $3,790 King / $3,825 Queen | JR(13-17): $5,686 King / $5,738 Queen",Todo Incluido | Personajes Nickelodeon,LUXURY,234,IMAGEN_NICKELODEON
EMPORIO IXTAPA,,Ixtapa,2026-07-30,2026-08-02,DBL,2233.0,334.95,1898.05,1992.95,2064.7,1992.95,819(6-12),,PREMIUM,57,BLOQUEOS_COMPARTIR
EMPORIO IXTAPA,,Ixtapa,2026-07-30,2026-08-02,SGL,3572.0,535.8,3036.2,3188.01,3302.78,3188.01,819(6-12),,PREMIUM,91,BLOQUEOS_COMPARTIR
EMPORIO IXTAPA,,Ixtapa,2026-07-30,2026-08-02,TPL,2045.0,306.75,1738.25,1825.16,1890.87,1825.16,819(6-12),,PREMIUM,52,BLOQUEOS_COMPARTIR
EMPORIO IXTAPA / CAMA KING,,Ixtapa,2026-07-30,2026-08-02,DBL,2233.0,334.95,1898.05,1992.95,2064.7,1992.95,819(6-12),,PREMIUM,57,BLOQUEOS_COMPARTIR
EMPORIO IXTAPA / CAMA KING,,Ixtapa,2026-07-30,2026-08-02,SGL,3572.0,535.8,3036.2,3188.01,3302.78,3188.01,819(6-12),,PREMIUM,91,BLOQUEOS_COMPARTIR
EMPORIO IXTAPA / VISTA AL MAR,,Ixtapa,2026-07-30,2026-08-02,DBL,2443.0,366.45,2076.55,2180.38,2258.87,2180.38,819(6-12),,PREMIUM,62,BLOQUEOS_COMPARTIR
EMPORIO IXTAPA / VISTA AL MAR,,Ixtapa,2026-07-30,2026-08-02,SGL,3992.0,598.8,3393.2,3562.86,3691.12,3562.86,819(6-12),,PREMIUM,102,BLOQUEOS_COMPARTIR
EMPORIO IXTAPA / VISTA AL MAR,,Ixtapa,2026-07-30,2026-08-02,TPL,2185.0,327.75,1857.25,1950.11,2020.31,1950.11,819(6-12),,PREMIUM,56,BLOQUEOS_COMPARTIR
Melia Puerto Vallarta,,Puerto Vallarta,2026-07-30,2026-08-02,DBL,2606.0,390.9,2215.1,2325.86,2409.59,2325.86,MNR 5-12: $1303,,PREMIUM,66,BLOQUEOS_CLICK
Melia Puerto Vallarta,,Puerto Vallarta,2026-07-30,2026-08-02,SGL,4560.0,684.0,3876.0,4069.8,4216.31,4069.8,MNR 5-12: $1303,,PREMIUM,116,BLOQUEOS_CLICK
Melia Puerto Vallarta,,Puerto Vallarta,2026-07-30,2026-08-02,TPL,2476.0,371.4,2104.6,2209.83,2289.38,2209.83,MNR 5-12: $1303,,PREMIUM,63,BLOQUEOS_CLICK
AZUL GRAND,,Ixtapa,2026-07-31,2026-08-02,DBL,3299.0,494.85,2804.15,2944.36,3050.36,2944.36,699(7-12) 299(3-6),,LUXURY,112,BLOQUEOS_COMPARTIR
AZUL GRAND,,Ixtapa,2026-07-31,2026-08-02,SGL,4599.0,689.85,3909.15,4104.61,4252.38,4104.61,699(7-12) 299(3-6),,LUXURY,156,BLOQUEOS_COMPARTIR
AZUL GRAND,,Ixtapa,2026-07-31,2026-08-02,TPL,3082.0,462.3,2619.7,2750.68,2849.7,2750.68,699(7-12) 299(3-6),,LUXURY,105,BLOQUEOS_COMPARTIR
AZUL IXTAPA,,Ixtapa,2026-07-31,2026-08-02,DBL,2899.0,434.85,2464.15,2587.36,2680.5,2587.36,599 (7-12) 199(3-6),,PREMIUM,74,BLOQUEOS_COMPARTIR
AZUL IXTAPA,,Ixtapa,2026-07-31,2026-08-02,SGL,4049.0,607.35,3441.65,3613.73,3743.82,3613.73,599 (7-12) 199(3-6),,PREMIUM,103,BLOQUEOS_COMPARTIR
AZUL IXTAPA,,Ixtapa,2026-07-31,2026-08-02,TPL,2699.0,404.85,2294.15,2408.86,2495.58,2408.86,599 (7-12) 199(3-6),,PREMIUM,69,BLOQUEOS_COMPARTIR
FONTAN IXTAPA,,Ixtapa,2026-07-31,2026-08-02,DBL,1997.0,299.55,1697.45,1782.32,1846.48,1782.32,490(6-12)2x1,DESAYUNO AMERICANO A LA LLEGADA,ESTANDAR,34,BLOQUEOS_COMPARTIR
FONTAN IXTAPA,,Ixtapa,2026-07-31,2026-08-02,SGL,3679.0,551.85,3127.15,3283.51,3401.72,3283.51,490(6-12)2x1,DESAYUNO AMERICANO A LA LLEGADA,ESTANDAR,63,BLOQUEOS_COMPARTIR
FONTAN IXTAPA,,Ixtapa,2026-07-31,2026-08-02,TPL,1787.0,268.05,1518.95,1594.9,1652.32,1594.9,490(6-12)2x1,DESAYUNO AMERICANO A LA LLEGADA,ESTANDAR,30,BLOQUEOS_COMPARTIR
Holiday Inn Resort Ixtapa,,Ixtapa,2026-07-31,2026-08-02,DBL,2750.0,412.5,2337.5,2454.38,2542.74,2454.38,MNR 6-12 GRATIS,,PREMIUM,70,BLOQUEOS_CLICK
Holiday Inn Resort Ixtapa,,Ixtapa,2026-07-31,2026-08-02,SGL,5500.0,825.0,4675.0,4908.75,5085.47,4908.75,MNR 6-12 GRATIS,,PREMIUM,140,BLOQUEOS_CLICK
Holiday Inn Resort Ixtapa,,Ixtapa,2026-07-31,2026-08-02,TPL,2750.0,412.5,2337.5,2454.38,2542.74,2454.38,MNR 6-12 GRATIS,,PREMIUM,70,BLOQUEOS_CLICK
QUALTON IXTAPA,,Ixtapa,2026-07-31,2026-08-02,DBL,2399.0,359.85,2039.15,2141.11,2218.19,2141.11,599(6-12),,PREMIUM,61,BLOQUEOS_COMPARTIR
QUALTON IXTAPA,,Ixtapa,2026-07-31,2026-08-02,SGL,3998.0,599.7,3398.3,3568.22,3696.68,3568.22,599(6-12),,PREMIUM,102,BLOQUEOS_COMPARTIR
QUALTON IXTAPA,,Ixtapa,2026-07-31,2026-08-02,TPL,2299.0,344.85,1954.15,2051.86,2125.73,2051.86,599(6-12),,PREMIUM,59,BLOQUEOS_COMPARTIR
AZUL GRAND,,Ixtapa,2026-08-02,2026-08-04,DBL,3299.0,494.85,2804.15,2944.36,3050.36,2944.36,GRATIS(0-12),DESAYUNO A LA LLEGADA,LUXURY,112,BLOQUEOS_COMPARTIR
AZUL GRAND,,Ixtapa,2026-08-02,2026-08-04,SGL,4599.0,689.85,3909.15,4104.61,4252.38,4104.61,GRATIS(0-12),DESAYUNO A LA LLEGADA,LUXURY,156,BLOQUEOS_COMPARTIR
AZUL GRAND,,Ixtapa,2026-08-02,2026-08-04,TPL,3082.0,462.3,2619.7,2750.68,2849.7,2750.68,GRATIS(0-12),DESAYUNO A LA LLEGADA,LUXURY,105,BLOQUEOS_COMPARTIR
EMPORIO IXTAPA,,Ixtapa,2026-08-02,2026-08-04,DBL,2233.0,334.95,1898.05,1992.95,2064.7,1992.95,819(6-12),,PREMIUM,57,BLOQUEOS_COMPARTIR
EMPORIO IXTAPA,,Ixtapa,2026-08-02,2026-08-04,SGL,3572.0,535.8,3036.2,3188.01,3302.78,3188.01,819(6-12),,PREMIUM,91,BLOQUEOS_COMPARTIR
EMPORIO IXTAPA,,Ixtapa,2026-08-02,2026-08-04,TPL,2045.0,306.75,1738.25,1825.16,1890.87,1825.16,819(6-12),,PREMIUM,52,BLOQUEOS_COMPARTIR
FONTAN IXTAPA,,Ixtapa,2026-08-02,2026-08-04,DBL,1743.0,261.45,1481.55,1555.63,1611.63,1555.63,490(6-12)2x1,DESAYUNO AMERICANO A LA LLEGADA,ESTANDAR,30,BLOQUEOS_COMPARTIR
FONTAN IXTAPA,,Ixtapa,2026-08-02,2026-08-04,SGL,3171.0,475.65,2695.35,2830.12,2932.0,2830.12,490(6-12)2x1,DESAYUNO AMERICANO A LA LLEGADA,ESTANDAR,54,BLOQUEOS_COMPARTIR
FONTAN IXTAPA,,Ixtapa,2026-08-02,2026-08-04,TPL,1533.0,229.95,1303.05,1368.2,1417.46,1368.2,490(6-12)2x1,DESAYUNO AMERICANO A LA LLEGADA,ESTANDAR,26,BLOQUEOS_COMPARTIR
QUALTON IXTAPA,,Ixtapa,2026-08-02,2026-08-04,DBL,1949.0,292.35,1656.65,1739.48,1802.1,1739.48,599(6-12),,PREMIUM,50,BLOQUEOS_COMPARTIR
QUALTON IXTAPA,,Ixtapa,2026-08-02,2026-08-04,SGL,3098.0,464.7,2633.3,2764.97,2864.51,2764.97,599(6-12),,PREMIUM,79,BLOQUEOS_COMPARTIR
QUALTON IXTAPA,,Ixtapa,2026-08-02,2026-08-04,TPL,1849.0,277.35,1571.65,1650.23,1709.64,1650.23,599(6-12),,PREMIUM,47,BLOQUEOS_COMPARTIR
EMPORIO IXTAPA,,Ixtapa,2026-08-06,2026-08-09,DBL,2233.0,334.95,1898.05,1992.95,2064.7,1992.95,819(6-12),,PREMIUM,57,BLOQUEOS_COMPARTIR
EMPORIO IXTAPA,,Ixtapa,2026-08-06,2026-08-09,SGL,3572.0,535.8,3036.2,3188.01,3302.78,3188.01,819(6-12),,PREMIUM,91,BLOQUEOS_COMPARTIR
EMPORIO IXTAPA,,Ixtapa,2026-08-06,2026-08-09,TPL,2045.0,306.75,1738.25,1825.16,1890.87,1825.16,819(6-12),,PREMIUM,52,BLOQUEOS_COMPARTIR
EMPORIO IXTAPA / CAMA KING,,Ixtapa,2026-08-06,2026-08-09,DBL,2233.0,334.95,1898.05,1992.95,2064.7,1992.95,819(6-12),,PREMIUM,57,BLOQUEOS_COMPARTIR
EMPORIO IXTAPA / CAMA KING,,Ixtapa,2026-08-06,2026-08-09,SGL,3572.0,535.8,3036.2,3188.01,3302.78,3188.01,819(6-12),,PREMIUM,91,BLOQUEOS_COMPARTIR
EMPORIO IXTAPA / VISTA AL MAR,,Ixtapa,2026-08-06,2026-08-09,DBL,2443.0,366.45,2076.55,2180.38,2258.87,2180.38,819(6-12),,PREMIUM,62,BLOQUEOS_COMPARTIR
EMPORIO IXTAPA / VISTA AL MAR,,Ixtapa,2026-08-06,2026-08-09,SGL,3992.0,598.8,3393.2,3562.86,3691.12,3562.86,819(6-12),,PREMIUM,102,BLOQUEOS_COMPARTIR
EMPORIO IXTAPA / VISTA AL MAR,,Ixtapa,2026-08-06,2026-08-09,TPL,2185.0,327.75,1857.25,1950.11,2020.31,1950.11,819(6-12),,PREMIUM,56,BLOQUEOS_COMPARTIR
Iberostar Playa Mita,,Riviera Nayarit,2026-08-06,2026-08-09,DBL,3180.0,477.0,2703.0,2838.15,2940.32,2838.15,MNR 3-12: $1591,,LUXURY,108,BLOQUEOS_CLICK
Iberostar Playa Mita,,Riviera Nayarit,2026-08-06,2026-08-09,SGL,5487.0,823.05,4663.95,4897.15,5073.45,4897.15,MNR 3-12: $1591,,LUXURY,187,BLOQUEOS_CLICK
Iberostar Playa Mita,,Riviera Nayarit,2026-08-06,2026-08-09,TPL,2924.0,438.6,2485.4,2609.67,2703.62,2609.67,MNR 3-12: $1591,,LUXURY,99,BLOQUEOS_CLICK
Nickelodeon Hotels & Resorts Riviera Maya,Swim-Up Oceanfront King Suite,Riviera Maya,2026-08-06,2026-08-09,DBL,7581,1137.15,6443.85,6766.04,7009.62,6766.04,"MNR(3-12): $3,790 King / $3,825 Queen | JR(13-17): $5,686 King / $5,738 Queen",Todo Incluido | Personajes Nickelodeon,LUXURY,258,IMAGEN_NICKELODEON
Nickelodeon Hotels & Resorts Riviera Maya,Swim-Up Oceanfront Queen Suite,Riviera Maya,2026-08-06,2026-08-09,DBL,7651,1147.65,6503.35,6828.52,7074.35,6828.52,"MNR(3-12): $3,790 King / $3,825 Queen | JR(13-17): $5,686 King / $5,738 Queen",Todo Incluido | Personajes Nickelodeon,LUXURY,260,IMAGEN_NICKELODEON
Nickelodeon Hotels & Resorts Riviera Maya,Swim-Up Oceanfront King Suite,Riviera Maya,2026-08-06,2026-08-09,SGL,11371,1705.65,9665.35,10148.62,10513.97,10148.62,"MNR(3-12): $3,790 King / $3,825 Queen | JR(13-17): $5,686 King / $5,738 Queen",Todo Incluido | Personajes Nickelodeon,LUXURY,387,IMAGEN_NICKELODEON
Nickelodeon Hotels & Resorts Riviera Maya,Swim-Up Oceanfront Queen Suite,Riviera Maya,2026-08-06,2026-08-09,SGL,11476,1721.4,9754.6,10242.33,10611.05,10242.33,"MNR(3-12): $3,790 King / $3,825 Queen | JR(13-17): $5,686 King / $5,738 Queen",Todo Incluido | Personajes Nickelodeon,LUXURY,390,IMAGEN_NICKELODEON
Nickelodeon Hotels & Resorts Riviera Maya,Swim-Up Oceanfront King Suite,Riviera Maya,2026-08-06,2026-08-09,TPL,6824,1023.6,5800.4,6090.42,6309.68,6090.42,"MNR(3-12): $3,790 King / $3,825 Queen | JR(13-17): $5,686 King / $5,738 Queen",Todo Incluido | Personajes Nickelodeon,LUXURY,232,IMAGEN_NICKELODEON
Nickelodeon Hotels & Resorts Riviera Maya,Swim-Up Oceanfront Queen Suite,Riviera Maya,2026-08-06,2026-08-09,TPL,6886,1032.9,5853.1,6145.76,6367.01,6145.76,"MNR(3-12): $3,790 King / $3,825 Queen | JR(13-17): $5,686 King / $5,738 Queen",Todo Incluido | Personajes Nickelodeon,LUXURY,234,IMAGEN_NICKELODEON
AZUL GRAND,,Ixtapa,2026-08-07,2026-08-09,DBL,3299.0,494.85,2804.15,2944.36,3050.36,2944.36,699(7-12) 299(3-6),,LUXURY,112,BLOQUEOS_COMPARTIR
AZUL GRAND,,Ixtapa,2026-08-07,2026-08-09,SGL,4599.0,689.85,3909.15,4104.61,4252.38,4104.61,699(7-12) 299(3-6),,LUXURY,156,BLOQUEOS_COMPARTIR
AZUL GRAND,,Ixtapa,2026-08-07,2026-08-09,TPL,3082.0,462.3,2619.7,2750.68,2849.7,2750.68,699(7-12) 299(3-6),,LUXURY,105,BLOQUEOS_COMPARTIR
AZUL IXTAPA,,Ixtapa,2026-08-07,2026-08-09,DBL,2899.0,434.85,2464.15,2587.36,2680.5,2587.36,599(7-12) 199(3-6),,PREMIUM,74,BLOQUEOS_COMPARTIR
AZUL IXTAPA,,Ixtapa,2026-08-07,2026-08-09,SGL,4049.0,607.35,3441.65,3613.73,3743.82,3613.73,599(7-12) 199(3-6),,PREMIUM,103,BLOQUEOS_COMPARTIR
AZUL IXTAPA,,Ixtapa,2026-08-07,2026-08-09,TPL,2699.0,404.85,2294.15,2408.86,2495.58,2408.86,599(7-12) 199(3-6),,PREMIUM,69,BLOQUEOS_COMPARTIR
BRISAS IXTAPA,,Ixtapa,2026-08-07,2026-08-09,DBL,2719.0,407.85,2311.15,2426.71,2514.07,2426.71,1125(7-12)2x1,,PREMIUM,69,BLOQUEOS_COMPARTIR
BRISAS IXTAPA,,Ixtapa,2026-08-07,2026-08-09,SGL,4313.0,646.95,3666.05,3849.35,3987.93,3849.35,1125(7-12)2x1,,PREMIUM,110,BLOQUEOS_COMPARTIR
BRISAS IXTAPA,,Ixtapa,2026-08-07,2026-08-09,TPL,2404.0,360.6,2043.4,2145.57,2222.81,2145.57,1125(7-12)2x1,,PREMIUM,61,BLOQUEOS_COMPARTIR
Holiday Inn Resort Ixtapa,,Ixtapa,2026-08-07,2026-08-09,DBL,2500,375.0,2125.0,2231.25,2311.58,2231.25,GRATIS (0-12 años),Early check in + Menores Gratis 0-12,PREMIUM,64,MONARCA_FLYER
Holiday Inn Resort Ixtapa,,Ixtapa,2026-08-07,2026-08-09,SGL,5000,750.0,4250.0,4462.5,4623.15,4462.5,GRATIS (0-12 años),Early check in + Menores Gratis 0-12,PREMIUM,128,MONARCA_FLYER
Holiday Inn Resort Ixtapa,,Ixtapa,2026-08-07,2026-08-09,TPL,2500,375.0,2125.0,2231.25,2311.58,2231.25,GRATIS (0-12 años),Early check in + Menores Gratis 0-12,PREMIUM,64,MONARCA_FLYER
QUALTON IXTAPA,,Ixtapa,2026-08-07,2026-08-09,DBL,2349.0,352.35,1996.65,2096.48,2171.95,2096.48,599(6-12),,PREMIUM,60,BLOQUEOS_COMPARTIR
QUALTON IXTAPA,,Ixtapa,2026-08-07,2026-08-09,SGL,3898.0,584.7,3313.3,3478.97,3604.21,3478.97,599(6-12),,PREMIUM,99,BLOQUEOS_COMPARTIR
QUALTON IXTAPA,,Ixtapa,2026-08-07,2026-08-09,TPL,2249.0,337.35,1911.65,2007.23,2079.49,2007.23,599(6-12),,PREMIUM,57,BLOQUEOS_COMPARTIR
AZUL GRAND,,Ixtapa,2026-08-09,2026-08-11,DBL,3299.0,494.85,2804.15,2944.36,3050.36,2944.36,GRATIS(0-12),DESAYUNO A LA LLEGADA,LUXURY,112,BLOQUEOS_COMPARTIR
AZUL GRAND,,Ixtapa,2026-08-09,2026-08-11,SGL,4599.0,689.85,3909.15,4104.61,4252.38,4104.61,GRATIS(0-12),DESAYUNO A LA LLEGADA,LUXURY,156,BLOQUEOS_COMPARTIR
AZUL GRAND,,Ixtapa,2026-08-09,2026-08-11,TPL,3082.0,462.3,2619.7,2750.68,2849.7,2750.68,GRATIS(0-12),DESAYUNO A LA LLEGADA,LUXURY,105,BLOQUEOS_COMPARTIR
BRISAS IXTAPA,,Ixtapa,2026-08-09,2026-08-11,DBL,2500.0,375.0,2125.0,2231.25,2311.58,2231.25,GRATIS(7-12),,PREMIUM,64,BLOQUEOS_COMPARTIR
BRISAS IXTAPA,,Ixtapa,2026-08-09,2026-08-11,SGL,3875.0,581.25,3293.75,3458.44,3582.94,3458.44,GRATIS(7-12),,PREMIUM,99,BLOQUEOS_COMPARTIR
BRISAS IXTAPA,,Ixtapa,2026-08-09,2026-08-11,TPL,2258.0,338.7,1919.3,2015.27,2087.82,2015.27,GRATIS(7-12),,PREMIUM,58,BLOQUEOS_COMPARTIR
EMPORIO IXTAPA,,Ixtapa,2026-08-09,2026-08-11,DBL,2233.0,334.95,1898.05,1992.95,2064.7,1992.95,819(6-12),,PREMIUM,57,BLOQUEOS_COMPARTIR
EMPORIO IXTAPA,,Ixtapa,2026-08-09,2026-08-11,SGL,3572.0,535.8,3036.2,3188.01,3302.78,3188.01,819(6-12),,PREMIUM,91,BLOQUEOS_COMPARTIR
EMPORIO IXTAPA,,Ixtapa,2026-08-09,2026-08-11,TPL,2045.0,306.75,1738.25,1825.16,1890.87,1825.16,819(6-12),,PREMIUM,52,BLOQUEOS_COMPARTIR
FONTAN IXTAPA,,Ixtapa,2026-08-09,2026-08-11,DBL,1743.0,261.45,1481.55,1555.63,1611.63,1555.63,490(6-12)2x1,DESAYUNO AMERICANO A LA LLEGADA,ESTANDAR,30,BLOQUEOS_COMPARTIR
FONTAN IXTAPA,,Ixtapa,2026-08-09,2026-08-11,SGL,3171.0,475.65,2695.35,2830.12,2932.0,2830.12,490(6-12)2x1,DESAYUNO AMERICANO A LA LLEGADA,ESTANDAR,54,BLOQUEOS_COMPARTIR
FONTAN IXTAPA,,Ixtapa,2026-08-09,2026-08-11,TPL,1533.0,229.95,1303.05,1368.2,1417.46,1368.2,490(6-12)2x1,DESAYUNO AMERICANO A LA LLEGADA,ESTANDAR,26,BLOQUEOS_COMPARTIR
QUALTON IXTAPA,,Ixtapa,2026-08-09,2026-08-11,DBL,1949.0,292.35,1656.65,1739.48,1802.1,1739.48,599(6-12),,PREMIUM,50,BLOQUEOS_COMPARTIR
QUALTON IXTAPA,,Ixtapa,2026-08-09,2026-08-11,SGL,3098.0,464.7,2633.3,2764.97,2864.51,2764.97,599(6-12),,PREMIUM,79,BLOQUEOS_COMPARTIR
QUALTON IXTAPA,,Ixtapa,2026-08-09,2026-08-11,TPL,1849.0,277.35,1571.65,1650.23,1709.64,1650.23,599(6-12),,PREMIUM,47,BLOQUEOS_COMPARTIR
EMPORIO IXTAPA,,Ixtapa,2026-08-13,2026-08-16,DBL,2233.0,334.95,1898.05,1992.95,2064.7,1992.95,819(6-12),,PREMIUM,57,BLOQUEOS_COMPARTIR
EMPORIO IXTAPA,,Ixtapa,2026-08-13,2026-08-16,SGL,3572.0,535.8,3036.2,3188.01,3302.78,3188.01,819(6-12),,PREMIUM,91,BLOQUEOS_COMPARTIR
EMPORIO IXTAPA,,Ixtapa,2026-08-13,2026-08-16,TPL,2045.0,306.75,1738.25,1825.16,1890.87,1825.16,819(6-12),,PREMIUM,52,BLOQUEOS_COMPARTIR
EMPORIO IXTAPA / CAMA KING,,Ixtapa,2026-08-13,2026-08-16,DBL,2233.0,334.95,1898.05,1992.95,2064.7,1992.95,819(6-12),,PREMIUM,57,BLOQUEOS_COMPARTIR
EMPORIO IXTAPA / CAMA KING,,Ixtapa,2026-08-13,2026-08-16,SGL,3572.0,535.8,3036.2,3188.01,3302.78,3188.01,819(6-12),,PREMIUM,91,BLOQUEOS_COMPARTIR
EMPORIO IXTAPA / VISTA AL MAR,,Ixtapa,2026-08-13,2026-08-16,DBL,2443.0,366.45,2076.55,2180.38,2258.87,2180.38,819(6-12),,PREMIUM,62,BLOQUEOS_COMPARTIR
EMPORIO IXTAPA / VISTA AL MAR,,Ixtapa,2026-08-13,2026-08-16,SGL,3992.0,598.8,3393.2,3562.86,3691.12,3562.86,819(6-12),,PREMIUM,102,BLOQUEOS_COMPARTIR
EMPORIO IXTAPA / VISTA AL MAR,,Ixtapa,2026-08-13,2026-08-16,TPL,2185.0,327.75,1857.25,1950.11,2020.31,1950.11,819(6-12),,PREMIUM,56,BLOQUEOS_COMPARTIR
Iberostar Playa Mita,,Riviera Nayarit,2026-08-13,2026-08-16,DBL,3180.0,477.0,2703.0,2838.15,2940.32,2838.15,MNR 3-12: $1591,,LUXURY,108,BLOQUEOS_CLICK
Iberostar Playa Mita,,Riviera Nayarit,2026-08-13,2026-08-16,SGL,5487.0,823.05,4663.95,4897.15,5073.45,4897.15,MNR 3-12: $1591,,LUXURY,187,BLOQUEOS_CLICK
Iberostar Playa Mita,,Riviera Nayarit,2026-08-13,2026-08-16,TPL,2924.0,438.6,2485.4,2609.67,2703.62,2609.67,MNR 3-12: $1591,,LUXURY,99,BLOQUEOS_CLICK
Nickelodeon Hotels & Resorts Riviera Maya,Swim-Up Oceanfront King Suite,Riviera Maya,2026-08-13,2026-08-16,DBL,7581,1137.15,6443.85,6766.04,7009.62,6766.04,"MNR(3-12): $3,790 King / $3,825 Queen | JR(13-17): $5,686 King / $5,738 Queen",Todo Incluido | Personajes Nickelodeon,LUXURY,258,IMAGEN_NICKELODEON
Nickelodeon Hotels & Resorts Riviera Maya,Swim-Up Oceanfront Queen Suite,Riviera Maya,2026-08-13,2026-08-16,DBL,7651,1147.65,6503.35,6828.52,7074.35,6828.52,"MNR(3-12): $3,790 King / $3,825 Queen | JR(13-17): $5,686 King / $5,738 Queen",Todo Incluido | Personajes Nickelodeon,LUXURY,260,IMAGEN_NICKELODEON
Nickelodeon Hotels & Resorts Riviera Maya,Swim-Up Oceanfront King Suite,Riviera Maya,2026-08-13,2026-08-16,SGL,11371,1705.65,9665.35,10148.62,10513.97,10148.62,"MNR(3-12): $3,790 King / $3,825 Queen | JR(13-17): $5,686 King / $5,738 Queen",Todo Incluido | Personajes Nickelodeon,LUXURY,387,IMAGEN_NICKELODEON
Nickelodeon Hotels & Resorts Riviera Maya,Swim-Up Oceanfront Queen Suite,Riviera Maya,2026-08-13,2026-08-16,SGL,11476,1721.4,9754.6,10242.33,10611.05,10242.33,"MNR(3-12): $3,790 King / $3,825 Queen | JR(13-17): $5,686 King / $5,738 Queen",Todo Incluido | Personajes Nickelodeon,LUXURY,390,IMAGEN_NICKELODEON
Nickelodeon Hotels & Resorts Riviera Maya,Swim-Up Oceanfront King Suite,Riviera Maya,2026-08-13,2026-08-16,TPL,6824,1023.6,5800.4,6090.42,6309.68,6090.42,"MNR(3-12): $3,790 King / $3,825 Queen | JR(13-17): $5,686 King / $5,738 Queen",Todo Incluido | Personajes Nickelodeon,LUXURY,232,IMAGEN_NICKELODEON
Nickelodeon Hotels & Resorts Riviera Maya,Swim-Up Oceanfront Queen Suite,Riviera Maya,2026-08-13,2026-08-16,TPL,6886,1032.9,5853.1,6145.76,6367.01,6145.76,"MNR(3-12): $3,790 King / $3,825 Queen | JR(13-17): $5,686 King / $5,738 Queen",Todo Incluido | Personajes Nickelodeon,LUXURY,234,IMAGEN_NICKELODEON
BRISAS IXTAPA,,Ixtapa,2026-08-14,2026-08-16,DBL,2719.0,407.85,2311.15,2426.71,2514.07,2426.71,1125(7-12)2x1,,PREMIUM,69,BLOQUEOS_COMPARTIR
BRISAS IXTAPA,,Ixtapa,2026-08-14,2026-08-16,SGL,4313.0,646.95,3666.05,3849.35,3987.93,3849.35,1125(7-12)2x1,,PREMIUM,110,BLOQUEOS_COMPARTIR
BRISAS IXTAPA,,Ixtapa,2026-08-14,2026-08-16,TPL,2404.0,360.6,2043.4,2145.57,2222.81,2145.57,1125(7-12)2x1,,PREMIUM,61,BLOQUEOS_COMPARTIR
FONTAN IXTAPA,,Ixtapa,2026-08-14,2026-08-16,DBL,1875.0,281.25,1593.75,1673.44,1733.68,1673.44,490(6-12)2x1,DESAYUNO AMERICANO A LA LLEGADA,ESTANDAR,32,BLOQUEOS_COMPARTIR
FONTAN IXTAPA,,Ixtapa,2026-08-14,2026-08-16,SGL,3435.0,515.25,2919.75,3065.74,3176.11,3065.74,490(6-12)2x1,DESAYUNO AMERICANO A LA LLEGADA,ESTANDAR,58,BLOQUEOS_COMPARTIR
FONTAN IXTAPA,,Ixtapa,2026-08-14,2026-08-16,TPL,1665.0,249.75,1415.25,1486.01,1539.51,1486.01,490(6-12)2x1,DESAYUNO AMERICANO A LA LLEGADA,ESTANDAR,28,BLOQUEOS_COMPARTIR
Holiday Inn Resort Ixtapa,,Ixtapa,2026-08-14,2026-08-16,DBL,2500,375.0,2125.0,2231.25,2311.58,2231.25,GRATIS (0-12 años),Early check in + Menores Gratis 0-12,PREMIUM,64,MONARCA_FLYER
Holiday Inn Resort Ixtapa,,Ixtapa,2026-08-14,2026-08-16,SGL,5000,750.0,4250.0,4462.5,4623.15,4462.5,GRATIS (0-12 años),Early check in + Menores Gratis 0-12,PREMIUM,128,MONARCA_FLYER
Holiday Inn Resort Ixtapa,,Ixtapa,2026-08-14,2026-08-16,TPL,2500,375.0,2125.0,2231.25,2311.58,2231.25,GRATIS (0-12 años),Early check in + Menores Gratis 0-12,PREMIUM,64,MONARCA_FLYER
QUALTON IXTAPA,,Ixtapa,2026-08-14,2026-08-16,DBL,2349.0,352.35,1996.65,2096.48,2171.95,2096.48,599(6-12),,PREMIUM,60,BLOQUEOS_COMPARTIR
QUALTON IXTAPA,,Ixtapa,2026-08-14,2026-08-16,SGL,3898.0,584.7,3313.3,3478.97,3604.21,3478.97,599(6-12),,PREMIUM,99,BLOQUEOS_COMPARTIR
QUALTON IXTAPA,,Ixtapa,2026-08-14,2026-08-16,TPL,2249.0,337.35,1911.65,2007.23,2079.49,2007.23,599(6-12),,PREMIUM,57,BLOQUEOS_COMPARTIR
AZUL IXTAPA,,Ixtapa,2026-08-16,2026-08-18,DBL,2899.0,434.85,2464.15,2587.36,2680.5,2587.36,GRATIS(0-12),DESAYUNO A LA LLEGADA,PREMIUM,74,BLOQUEOS_COMPARTIR
AZUL IXTAPA,,Ixtapa,2026-08-16,2026-08-18,SGL,4049.0,607.35,3441.65,3613.73,3743.82,3613.73,GRATIS(0-12),DESAYUNO A LA LLEGADA,PREMIUM,103,BLOQUEOS_COMPARTIR
AZUL IXTAPA,,Ixtapa,2026-08-16,2026-08-18,TPL,2699.0,404.85,2294.15,2408.86,2495.58,2408.86,GRATIS(0-12),DESAYUNO A LA LLEGADA,PREMIUM,69,BLOQUEOS_COMPARTIR
EMPORIO IXTAPA,,Ixtapa,2026-08-16,2026-08-18,DBL,2233.0,334.95,1898.05,1992.95,2064.7,1992.95,819(6-12),,PREMIUM,57,BLOQUEOS_COMPARTIR
EMPORIO IXTAPA,,Ixtapa,2026-08-16,2026-08-18,SGL,3572.0,535.8,3036.2,3188.01,3302.78,3188.01,819(6-12),,PREMIUM,91,BLOQUEOS_COMPARTIR
EMPORIO IXTAPA,,Ixtapa,2026-08-16,2026-08-18,TPL,2045.0,306.75,1738.25,1825.16,1890.87,1825.16,819(6-12),,PREMIUM,52,BLOQUEOS_COMPARTIR
FONTAN IXTAPA,,Ixtapa,2026-08-16,2026-08-18,DBL,1743.0,261.45,1481.55,1555.63,1611.63,1555.63,490(6-12)2x1,DESAYUNO AMERICANO A LA LLEGADA,ESTANDAR,30,BLOQUEOS_COMPARTIR
FONTAN IXTAPA,,Ixtapa,2026-08-16,2026-08-18,SGL,3171.0,475.65,2695.35,2830.12,2932.0,2830.12,490(6-12)2x1,DESAYUNO AMERICANO A LA LLEGADA,ESTANDAR,54,BLOQUEOS_COMPARTIR
FONTAN IXTAPA,,Ixtapa,2026-08-16,2026-08-18,TPL,1533.0,229.95,1303.05,1368.2,1417.46,1368.2,490(6-12)2x1,DESAYUNO AMERICANO A LA LLEGADA,ESTANDAR,26,BLOQUEOS_COMPARTIR
Grand Palladium Colonial,,Riviera Maya,2026-08-17,2026-08-20,DBL,2144.0,321.6,1822.4,1913.52,1982.41,1913.52,MNR 3-12: $1068,,LUXURY,73,BLOQUEOS_CLICK
Grand Palladium Colonial,,Riviera Maya,2026-08-17,2026-08-20,SGL,3202.0,480.3,2721.7,2857.78,2960.66,2857.78,MNR 3-12: $1068,,LUXURY,109,BLOQUEOS_CLICK
Grand Palladium Colonial,,Riviera Maya,2026-08-17,2026-08-20,TPL,1992.0,298.8,1693.2,1777.86,1841.86,1777.86,MNR 3-12: $1068,,LUXURY,68,BLOQUEOS_CLICK
Hotel Xcaret Mexico,Suite Garden / All Fun Inclusive,Riviera Maya,2026-08-20,2026-08-23,DBL,8200,1230.0,6970.0,7318.5,7581.97,7318.5,MENORES GRATIS hasta 17 años,Todo Incluido All Fun Inclusive | Parques incluidos | Xcaret Arte Show,PREMIUM PLUS,279,IMAGEN_XCARET
Hotel Xcaret Mexico,Suite Garden / All Fun Inclusive,Riviera Maya,2026-08-20,2026-08-23,SGL,16400,2460.0,13940.0,14637.0,15163.93,14637.0,MENORES GRATIS hasta 17 años,Todo Incluido All Fun Inclusive | Parques incluidos | Xcaret Arte Show,PREMIUM PLUS,558,IMAGEN_XCARET
Hotel Xcaret Mexico,Suite Garden / All Fun Inclusive,Riviera Maya,2026-08-20,2026-08-23,TPL,7380,1107.0,6273.0,6586.65,6823.77,6586.65,MENORES GRATIS hasta 17 años,Todo Incluido All Fun Inclusive | Parques incluidos | Xcaret Arte Show,PREMIUM PLUS,251,IMAGEN_XCARET
AZUL GRAND,,Ixtapa,2026-08-21,2026-08-23,DBL,3299.0,494.85,2804.15,2944.36,3050.36,2944.36,699(7-12) 299(3-6),,LUXURY,112,BLOQUEOS_COMPARTIR
AZUL GRAND,,Ixtapa,2026-08-21,2026-08-23,SGL,4599.0,689.85,3909.15,4104.61,4252.38,4104.61,699(7-12) 299(3-6),,LUXURY,156,BLOQUEOS_COMPARTIR
AZUL GRAND,,Ixtapa,2026-08-21,2026-08-23,TPL,3082.0,462.3,2619.7,2750.68,2849.7,2750.68,699(7-12) 299(3-6),,LUXURY,105,BLOQUEOS_COMPARTIR
AZUL IXTAPA,,Ixtapa,2026-08-21,2026-08-23,DBL,2899.0,434.85,2464.15,2587.36,2680.5,2587.36,599(7-12) 199(3-6),,PREMIUM,74,BLOQUEOS_COMPARTIR
AZUL IXTAPA,,Ixtapa,2026-08-21,2026-08-23,SGL,4049.0,607.35,3441.65,3613.73,3743.82,3613.73,599(7-12) 199(3-6),,PREMIUM,103,BLOQUEOS_COMPARTIR
AZUL IXTAPA,,Ixtapa,2026-08-21,2026-08-23,TPL,2699.0,404.85,2294.15,2408.86,2495.58,2408.86,599(7-12) 199(3-6),,PREMIUM,69,BLOQUEOS_COMPARTIR
BRISAS IXTAPA,,Ixtapa,2026-08-21,2026-08-23,DBL,2719.0,407.85,2311.15,2426.71,2514.07,2426.71,1125(7-12)2x1,,PREMIUM,69,BLOQUEOS_COMPARTIR
BRISAS IXTAPA,,Ixtapa,2026-08-21,2026-08-23,SGL,4313.0,646.95,3666.05,3849.35,3987.93,3849.35,1125(7-12)2x1,,PREMIUM,110,BLOQUEOS_COMPARTIR
BRISAS IXTAPA,,Ixtapa,2026-08-21,2026-08-23,TPL,2404.0,360.6,2043.4,2145.57,2222.81,2145.57,1125(7-12)2x1,,PREMIUM,61,BLOQUEOS_COMPARTIR
EMPORIO IXTAPA,,Ixtapa,2026-08-21,2026-08-23,DBL,2233.0,334.95,1898.05,1992.95,2064.7,1992.95,819(6-12),,PREMIUM,57,BLOQUEOS_COMPARTIR
EMPORIO IXTAPA,,Ixtapa,2026-08-21,2026-08-23,SGL,3572.0,535.8,3036.2,3188.01,3302.78,3188.01,819(6-12),,PREMIUM,91,BLOQUEOS_COMPARTIR
EMPORIO IXTAPA,,Ixtapa,2026-08-21,2026-08-23,TPL,2045.0,306.75,1738.25,1825.16,1890.87,1825.16,819(6-12),,PREMIUM,52,BLOQUEOS_COMPARTIR
EMPORIO IXTAPA / CAMA KING,,Ixtapa,2026-08-21,2026-08-23,DBL,2233.0,334.95,1898.05,1992.95,2064.7,1992.95,819(6-12),,PREMIUM,57,BLOQUEOS_COMPARTIR
EMPORIO IXTAPA / CAMA KING,,Ixtapa,2026-08-21,2026-08-23,SGL,3572.0,535.8,3036.2,3188.01,3302.78,3188.01,819(6-12),,PREMIUM,91,BLOQUEOS_COMPARTIR
EMPORIO IXTAPA / VISTA AL MAR,,Ixtapa,2026-08-21,2026-08-23,DBL,2443.0,366.45,2076.55,2180.38,2258.87,2180.38,819(6-12),,PREMIUM,62,BLOQUEOS_COMPARTIR
EMPORIO IXTAPA / VISTA AL MAR,,Ixtapa,2026-08-21,2026-08-23,SGL,3992.0,598.8,3393.2,3562.86,3691.12,3562.86,819(6-12),,PREMIUM,102,BLOQUEOS_COMPARTIR
EMPORIO IXTAPA / VISTA AL MAR,,Ixtapa,2026-08-21,2026-08-23,TPL,2185.0,327.75,1857.25,1950.11,2020.31,1950.11,819(6-12),,PREMIUM,56,BLOQUEOS_COMPARTIR
Holiday Inn Resort Ixtapa,,Ixtapa,2026-08-21,2026-08-23,DBL,2500,375.0,2125.0,2231.25,2311.58,2231.25,GRATIS (0-12 años),Early check in + Menores Gratis 0-12,PREMIUM,64,MONARCA_FLYER
Holiday Inn Resort Ixtapa,,Ixtapa,2026-08-21,2026-08-23,SGL,5000,750.0,4250.0,4462.5,4623.15,4462.5,GRATIS (0-12 años),Early check in + Menores Gratis 0-12,PREMIUM,128,MONARCA_FLYER
Holiday Inn Resort Ixtapa,,Ixtapa,2026-08-21,2026-08-23,TPL,2500,375.0,2125.0,2231.25,2311.58,2231.25,GRATIS (0-12 años),Early check in + Menores Gratis 0-12,PREMIUM,64,MONARCA_FLYER
QUALTON IXTAPA,,Ixtapa,2026-08-21,2026-08-23,DBL,2249.0,337.35,1911.65,2007.23,2079.49,2007.23,499(6-12),,PREMIUM,57,BLOQUEOS_COMPARTIR
QUALTON IXTAPA,,Ixtapa,2026-08-21,2026-08-23,SGL,3698.0,554.7,3143.3,3300.47,3419.29,3300.47,499(6-12),,PREMIUM,94,BLOQUEOS_COMPARTIR
QUALTON IXTAPA,,Ixtapa,2026-08-21,2026-08-23,TPL,2149.0,322.35,1826.65,1917.98,1987.03,1917.98,499(6-12),,PREMIUM,55,BLOQUEOS_COMPARTIR
EMPORIO IXTAPA,,Ixtapa,2026-08-23,2026-08-25,DBL,2015.0,302.25,1712.75,1798.39,1863.13,1798.39,819(6-12),,PREMIUM,51,BLOQUEOS_COMPARTIR
EMPORIO IXTAPA,,Ixtapa,2026-08-23,2026-08-25,SGL,3223.0,483.45,2739.55,2876.53,2980.09,2876.53,819(6-12),,PREMIUM,82,BLOQUEOS_COMPARTIR
EMPORIO IXTAPA,,Ixtapa,2026-08-23,2026-08-25,TPL,1900.0,285.0,1615.0,1695.75,1756.8,1695.75,819(6-12),,PREMIUM,48,BLOQUEOS_COMPARTIR
QUALTON IXTAPA,,Ixtapa,2026-08-23,2026-08-25,DBL,1749.0,262.35,1486.65,1560.98,1617.18,1560.98,499(6-12),,PREMIUM,45,BLOQUEOS_COMPARTIR
QUALTON IXTAPA,,Ixtapa,2026-08-23,2026-08-25,SGL,2698.0,404.7,2293.3,2407.97,2494.66,2407.97,499(6-12),,PREMIUM,69,BLOQUEOS_COMPARTIR
QUALTON IXTAPA,,Ixtapa,2026-08-23,2026-08-25,TPL,1649.0,247.35,1401.65,1471.73,1524.71,1471.73,499(6-12),,PREMIUM,42,BLOQUEOS_COMPARTIR
Nickelodeon Hotels & Resorts Riviera Maya,Swim-Up Oceanfront King Suite,Riviera Maya,2026-08-27,2026-08-30,DBL,7581,1137.15,6443.85,6766.04,7009.62,6766.04,"MNR(3-12): $3,790 King / $3,825 Queen | JR(13-17): $5,686 King / $5,738 Queen",Todo Incluido | Personajes Nickelodeon,LUXURY,258,IMAGEN_NICKELODEON
Nickelodeon Hotels & Resorts Riviera Maya,Swim-Up Oceanfront Queen Suite,Riviera Maya,2026-08-27,2026-08-30,DBL,7651,1147.65,6503.35,6828.52,7074.35,6828.52,"MNR(3-12): $3,790 King / $3,825 Queen | JR(13-17): $5,686 King / $5,738 Queen",Todo Incluido | Personajes Nickelodeon,LUXURY,260,IMAGEN_NICKELODEON
Nickelodeon Hotels & Resorts Riviera Maya,Swim-Up Oceanfront King Suite,Riviera Maya,2026-08-27,2026-08-30,SGL,11371,1705.65,9665.35,10148.62,10513.97,10148.62,"MNR(3-12): $3,790 King / $3,825 Queen | JR(13-17): $5,686 King / $5,738 Queen",Todo Incluido | Personajes Nickelodeon,LUXURY,387,IMAGEN_NICKELODEON
Nickelodeon Hotels & Resorts Riviera Maya,Swim-Up Oceanfront Queen Suite,Riviera Maya,2026-08-27,2026-08-30,SGL,11476,1721.4,9754.6,10242.33,10611.05,10242.33,"MNR(3-12): $3,790 King / $3,825 Queen | JR(13-17): $5,686 King / $5,738 Queen",Todo Incluido | Personajes Nickelodeon,LUXURY,390,IMAGEN_NICKELODEON
Nickelodeon Hotels & Resorts Riviera Maya,Swim-Up Oceanfront King Suite,Riviera Maya,2026-08-27,2026-08-30,TPL,6824,1023.6,5800.4,6090.42,6309.68,6090.42,"MNR(3-12): $3,790 King / $3,825 Queen | JR(13-17): $5,686 King / $5,738 Queen",Todo Incluido | Personajes Nickelodeon,LUXURY,232,IMAGEN_NICKELODEON
Nickelodeon Hotels & Resorts Riviera Maya,Swim-Up Oceanfront Queen Suite,Riviera Maya,2026-08-27,2026-08-30,TPL,6886,1032.9,5853.1,6145.76,6367.01,6145.76,"MNR(3-12): $3,790 King / $3,825 Queen | JR(13-17): $5,686 King / $5,738 Queen",Todo Incluido | Personajes Nickelodeon,LUXURY,234,IMAGEN_NICKELODEON
Azul Grand Ixtapa,,Ixtapa,2026-08-28,2026-08-30,DBL,2999,449.85,2549.15,2676.61,2772.97,2676.61,3-6: $299 | 7-12: $699,Venta controlada,LUXURY,102,MONARCA_FLYER
Azul Grand Ixtapa,,Ixtapa,2026-08-28,2026-08-30,SGL,4199,629.85,3569.15,3747.61,3882.52,3747.61,3-6: $299 | 7-12: $699,Venta controlada,LUXURY,143,MONARCA_FLYER
Azul Grand Ixtapa,,Ixtapa,2026-08-28,2026-08-30,TPL,2799,419.85,2379.15,2498.11,2588.04,2498.11,3-6: $299 | 7-12: $699,Venta controlada,LUXURY,95,MONARCA_FLYER
Azul Ixtapa,,Ixtapa,2026-08-28,2026-08-30,DBL,2599,389.85,2209.15,2319.61,2403.12,2319.61,3-6: $199 | 7-12: $599,Venta controlada,PREMIUM,66,MONARCA_FLYER
Azul Ixtapa,,Ixtapa,2026-08-28,2026-08-30,SGL,3649,547.35,3101.65,3256.73,3373.97,3256.73,3-6: $199 | 7-12: $599,Venta controlada,PREMIUM,93,MONARCA_FLYER
Azul Ixtapa,,Ixtapa,2026-08-28,2026-08-30,TPL,2433,364.95,2068.05,2171.45,2249.62,2171.45,3-6: $199 | 7-12: $599,Venta controlada,PREMIUM,62,MONARCA_FLYER
BRISAS IXTAPA,,Ixtapa,2026-08-28,2026-08-30,DBL,2719.0,407.85,2311.15,2426.71,2514.07,2426.71,1125(7-12)2x1,,PREMIUM,69,BLOQUEOS_COMPARTIR
BRISAS IXTAPA,,Ixtapa,2026-08-28,2026-08-30,SGL,4313.0,646.95,3666.05,3849.35,3987.93,3849.35,1125(7-12)2x1,,PREMIUM,110,BLOQUEOS_COMPARTIR
BRISAS IXTAPA,,Ixtapa,2026-08-28,2026-08-30,TPL,2404.0,360.6,2043.4,2145.57,2222.81,2145.57,1125(7-12)2x1,,PREMIUM,61,BLOQUEOS_COMPARTIR
EMPORIO IXTAPA,,Ixtapa,2026-08-28,2026-08-30,DBL,2233.0,334.95,1898.05,1992.95,2064.7,1992.95,819(6-12),,PREMIUM,57,BLOQUEOS_COMPARTIR
EMPORIO IXTAPA,,Ixtapa,2026-08-28,2026-08-30,SGL,3572.0,535.8,3036.2,3188.01,3302.78,3188.01,819(6-12),,PREMIUM,91,BLOQUEOS_COMPARTIR
EMPORIO IXTAPA,,Ixtapa,2026-08-28,2026-08-30,TPL,2045.0,306.75,1738.25,1825.16,1890.87,1825.16,819(6-12),,PREMIUM,52,BLOQUEOS_COMPARTIR
EMPORIO IXTAPA / CAMA KING,,Ixtapa,2026-08-28,2026-08-30,DBL,2233.0,334.95,1898.05,1992.95,2064.7,1992.95,819(6-12),,PREMIUM,57,BLOQUEOS_COMPARTIR
EMPORIO IXTAPA / CAMA KING,,Ixtapa,2026-08-28,2026-08-30,SGL,3572.0,535.8,3036.2,3188.01,3302.78,3188.01,819(6-12),,PREMIUM,91,BLOQUEOS_COMPARTIR
FONTAN IXTAPA,,Ixtapa,2026-08-28,2026-08-30,DBL,1875.0,281.25,1593.75,1673.44,1733.68,1673.44,490(6-12)2x1,DESAYUNO AMERICANO A LA LLEGADA,ESTANDAR,32,BLOQUEOS_COMPARTIR
FONTAN IXTAPA,,Ixtapa,2026-08-28,2026-08-30,SGL,3435.0,515.25,2919.75,3065.74,3176.11,3065.74,490(6-12)2x1,DESAYUNO AMERICANO A LA LLEGADA,ESTANDAR,58,BLOQUEOS_COMPARTIR
FONTAN IXTAPA,,Ixtapa,2026-08-28,2026-08-30,TPL,1730.0,259.5,1470.5,1544.03,1599.62,1544.03,490(6-12)2x1,DESAYUNO AMERICANO A LA LLEGADA,ESTANDAR,29,BLOQUEOS_COMPARTIR
EMPORIO IXTAPA,,Ixtapa,2026-08-30,2026-09-01,DBL,2015.0,302.25,1712.75,1798.39,1863.13,1798.39,819(6-12),,PREMIUM,51,BLOQUEOS_COMPARTIR
EMPORIO IXTAPA,,Ixtapa,2026-08-30,2026-09-01,SGL,3223.0,483.45,2739.55,2876.53,2980.09,2876.53,819(6-12),,PREMIUM,82,BLOQUEOS_COMPARTIR
EMPORIO IXTAPA,,Ixtapa,2026-08-30,2026-09-01,TPL,1900.0,285.0,1615.0,1695.75,1756.8,1695.75,819(6-12),,PREMIUM,48,BLOQUEOS_COMPARTIR
FONTAN IXTAPA,,Ixtapa,2026-08-30,2026-09-01,DBL,1743.0,261.45,1481.55,1555.63,1611.63,1555.63,490(6-12)2x1,DESAYUNO AMERICANO A LA LLEGADA,ESTANDAR,30,BLOQUEOS_COMPARTIR
FONTAN IXTAPA,,Ixtapa,2026-08-30,2026-09-01,SGL,3171.0,475.65,2695.35,2830.12,2932.0,2830.12,490(6-12)2x1,DESAYUNO AMERICANO A LA LLEGADA,ESTANDAR,54,BLOQUEOS_COMPARTIR
FONTAN IXTAPA,,Ixtapa,2026-08-30,2026-09-01,TPL,1533.0,229.95,1303.05,1368.2,1417.46,1368.2,490(6-12)2x1,DESAYUNO AMERICANO A LA LLEGADA,ESTANDAR,26,BLOQUEOS_COMPARTIR
AZUL GRAND,,Ixtapa,2026-09-04,2026-09-06,DBL,2999.0,449.85,2549.15,2676.61,2772.97,2676.61,699(7-12) 299(3-6),,LUXURY,102,BLOQUEOS_COMPARTIR
AZUL GRAND,,Ixtapa,2026-09-04,2026-09-06,SGL,4199.0,629.85,3569.15,3747.61,3882.52,3747.61,699(7-12) 299(3-6),,LUXURY,143,BLOQUEOS_COMPARTIR
AZUL GRAND,,Ixtapa,2026-09-04,2026-09-06,TPL,2799.0,419.85,2379.15,2498.11,2588.04,2498.11,699(7-12) 299(3-6),,LUXURY,95,BLOQUEOS_COMPARTIR
AZUL IXTAPA,,Ixtapa,2026-09-04,2026-09-06,DBL,2599.0,389.85,2209.15,2319.61,2403.12,2319.61,599(7-12) 199(3-6),,PREMIUM,66,BLOQUEOS_COMPARTIR
AZUL IXTAPA,,Ixtapa,2026-09-04,2026-09-06,SGL,3649.0,547.35,3101.65,3256.73,3373.97,3256.73,599(7-12) 199(3-6),,PREMIUM,93,BLOQUEOS_COMPARTIR
AZUL IXTAPA,,Ixtapa,2026-09-04,2026-09-06,TPL,2432.0,364.8,2067.2,2170.56,2248.7,2170.56,599(7-12) 199(3-6),,PREMIUM,62,BLOQUEOS_COMPARTIR
Azul Grand Ixtapa,,Ixtapa,2026-09-04,2026-09-06,DBL,2999,449.85,2549.15,2676.61,2772.97,2676.61,3-6: $299 | 7-12: $699,Venta controlada,LUXURY,102,MONARCA_FLYER
Azul Grand Ixtapa,,Ixtapa,2026-09-04,2026-09-06,SGL,4199,629.85,3569.15,3747.61,3882.52,3747.61,3-6: $299 | 7-12: $699,Venta controlada,LUXURY,143,MONARCA_FLYER
Azul Grand Ixtapa,,Ixtapa,2026-09-04,2026-09-06,TPL,2799,419.85,2379.15,2498.11,2588.04,2498.11,3-6: $299 | 7-12: $699,Venta controlada,LUXURY,95,MONARCA_FLYER
Azul Ixtapa,,Ixtapa,2026-09-04,2026-09-06,DBL,2599,389.85,2209.15,2319.61,2403.12,2319.61,3-6: $199 | 7-12: $599,Venta controlada,PREMIUM,66,MONARCA_FLYER
Azul Ixtapa,,Ixtapa,2026-09-04,2026-09-06,SGL,3649,547.35,3101.65,3256.73,3373.97,3256.73,3-6: $199 | 7-12: $599,Venta controlada,PREMIUM,93,MONARCA_FLYER
Azul Ixtapa,,Ixtapa,2026-09-04,2026-09-06,TPL,2433,364.95,2068.05,2171.45,2249.62,2171.45,3-6: $199 | 7-12: $599,Venta controlada,PREMIUM,62,MONARCA_FLYER
EMPORIO IXTAPA,,Ixtapa,2026-09-04,2026-09-06,DBL,2015.0,302.25,1712.75,1798.39,1863.13,1798.39,819(6-12),,PREMIUM,51,BLOQUEOS_COMPARTIR
EMPORIO IXTAPA,,Ixtapa,2026-09-04,2026-09-06,SGL,3223.0,483.45,2739.55,2876.53,2980.09,2876.53,819(6-12),,PREMIUM,82,BLOQUEOS_COMPARTIR
EMPORIO IXTAPA,,Ixtapa,2026-09-04,2026-09-06,TPL,1900.0,285.0,1615.0,1695.75,1756.8,1695.75,819(6-12),,PREMIUM,48,BLOQUEOS_COMPARTIR
FONTAN IXTAPA,,Ixtapa,2026-09-04,2026-09-06,DBL,1875.0,281.25,1593.75,1673.44,1733.68,1673.44,490(6-12)2x1,DESAYUNO AMERICANO A LA LLEGADA,ESTANDAR,32,BLOQUEOS_COMPARTIR
FONTAN IXTAPA,,Ixtapa,2026-09-04,2026-09-06,SGL,3435.0,515.25,2919.75,3065.74,3176.11,3065.74,490(6-12)2x1,DESAYUNO AMERICANO A LA LLEGADA,ESTANDAR,58,BLOQUEOS_COMPARTIR
FONTAN IXTAPA,,Ixtapa,2026-09-04,2026-09-06,TPL,1730.0,259.5,1470.5,1544.03,1599.62,1544.03,490(6-12)2x1,DESAYUNO AMERICANO A LA LLEGADA,ESTANDAR,29,BLOQUEOS_COMPARTIR
HOLIDAY INN IXTAPA,,Ixtapa,2026-09-04,2026-09-06,DBL,2406.0,360.9,2045.1,2147.36,2224.66,2147.36,399(6-12),APLICA EARLY CHECK INN,PREMIUM,61,BLOQUEOS_COMPARTIR
HOLIDAY INN IXTAPA,,Ixtapa,2026-09-04,2026-09-06,SGL,4813.0,721.95,4091.05,4295.6,4450.24,4295.6,399(6-12),APLICA EARLY CHECK INN,PREMIUM,123,BLOQUEOS_COMPARTIR
HOLIDAY INN IXTAPA,,Ixtapa,2026-09-04,2026-09-06,TPL,2406.0,360.9,2045.1,2147.36,2224.66,2147.36,399(6-12),APLICA EARLY CHECK INN,PREMIUM,61,BLOQUEOS_COMPARTIR
QUALTON IXTAPA,,Ixtapa,2026-09-04,2026-09-06,DBL,1999.0,299.85,1699.15,1784.11,1848.34,1784.11,499(6-12)2x1,,PREMIUM,51,BLOQUEOS_COMPARTIR
QUALTON IXTAPA,,Ixtapa,2026-09-04,2026-09-06,SGL,3198.0,479.7,2718.3,2854.22,2956.97,2854.22,499(6-12)2x1,,PREMIUM,82,BLOQUEOS_COMPARTIR
QUALTON IXTAPA,,Ixtapa,2026-09-04,2026-09-06,TPL,1899.0,284.85,1614.15,1694.86,1755.87,1694.86,499(6-12)2x1,,PREMIUM,48,BLOQUEOS_COMPARTIR
TESORO IXTAPA,,Ixtapa,2026-09-04,2026-09-06,DBL,2050.0,307.5,1742.5,1829.62,1895.49,1829.62,399(6-12),,PREMIUM,52,BLOQUEOS_COMPARTIR
TESORO IXTAPA,,Ixtapa,2026-09-04,2026-09-06,SGL,4099.0,614.85,3484.15,3658.36,3790.06,3658.36,399(6-12),,PREMIUM,105,BLOQUEOS_COMPARTIR
TESORO IXTAPA,,Ixtapa,2026-09-04,2026-09-06,TPL,2050.0,307.5,1742.5,1829.62,1895.49,1829.62,399(6-12),,PREMIUM,52,BLOQUEOS_COMPARTIR
AZUL GRAND,,Ixtapa,2026-09-06,2026-09-08,DBL,2999.0,449.85,2549.15,2676.61,2772.97,2676.61,GRATIS (0-12),DESAYUNO A LA LLEGADA,LUXURY,102,BLOQUEOS_COMPARTIR
AZUL GRAND,,Ixtapa,2026-09-06,2026-09-08,SGL,4199.0,629.85,3569.15,3747.61,3882.52,3747.61,GRATIS (0-12),DESAYUNO A LA LLEGADA,LUXURY,143,BLOQUEOS_COMPARTIR
AZUL GRAND,,Ixtapa,2026-09-06,2026-09-08,TPL,2799.0,419.85,2379.15,2498.11,2588.04,2498.11,GRATIS (0-12),DESAYUNO A LA LLEGADA,LUXURY,95,BLOQUEOS_COMPARTIR
AZUL IXTAPA,,Ixtapa,2026-09-06,2026-09-08,DBL,2599.0,389.85,2209.15,2319.61,2403.12,2319.61,GRATIS (0-12),DESAYUNO A LA LLEGADA,PREMIUM,66,BLOQUEOS_COMPARTIR
AZUL IXTAPA,,Ixtapa,2026-09-06,2026-09-08,SGL,3649.0,547.35,3101.65,3256.73,3373.97,3256.73,GRATIS (0-12),DESAYUNO A LA LLEGADA,PREMIUM,93,BLOQUEOS_COMPARTIR
AZUL IXTAPA,,Ixtapa,2026-09-06,2026-09-08,TPL,2432.0,364.8,2067.2,2170.56,2248.7,2170.56,GRATIS (0-12),DESAYUNO A LA LLEGADA,PREMIUM,62,BLOQUEOS_COMPARTIR
Hotel Xcaret Mexico,Suite Garden / All Fun Inclusive,Riviera Maya,2026-09-10,2026-09-13,DBL,8134,1220.1,6913.9,7259.6,7520.95,7259.6,MENORES GRATIS hasta 17 años,Todo Incluido All Fun Inclusive | Parques incluidos | Xcaret Arte Show,PREMIUM PLUS,277,IMAGEN_XCARET
Hotel Xcaret Mexico,Suite Garden / All Fun Inclusive,Riviera Maya,2026-09-10,2026-09-13,SGL,16267,2440.05,13826.95,14518.3,15040.96,14518.3,MENORES GRATIS hasta 17 años,Todo Incluido All Fun Inclusive | Parques incluidos | Xcaret Arte Show,PREMIUM PLUS,553,IMAGEN_XCARET
Hotel Xcaret Mexico,Suite Garden / All Fun Inclusive,Riviera Maya,2026-09-10,2026-09-13,TPL,7320,1098.0,6222.0,6533.1,6768.29,6533.1,MENORES GRATIS hasta 17 años,Todo Incluido All Fun Inclusive | Parques incluidos | Xcaret Arte Show,PREMIUM PLUS,249,IMAGEN_XCARET
AZUL GRAND,,Ixtapa,2026-09-11,2026-09-13,DBL,2999.0,449.85,2549.15,2676.61,2772.97,2676.61,699(7-12) 299(3-6),,LUXURY,102,BLOQUEOS_COMPARTIR
AZUL GRAND,,Ixtapa,2026-09-11,2026-09-13,SGL,4199.0,629.85,3569.15,3747.61,3882.52,3747.61,699(7-12) 299(3-6),,LUXURY,143,BLOQUEOS_COMPARTIR
AZUL GRAND,,Ixtapa,2026-09-11,2026-09-13,TPL,2799.0,419.85,2379.15,2498.11,2588.04,2498.11,699(7-12) 299(3-6),,LUXURY,95,BLOQUEOS_COMPARTIR
AZUL IXTAPA,,Ixtapa,2026-09-11,2026-09-13,DBL,2599.0,389.85,2209.15,2319.61,2403.12,2319.61,599(7-12) 199(3-6),,PREMIUM,66,BLOQUEOS_COMPARTIR
AZUL IXTAPA,,Ixtapa,2026-09-11,2026-09-13,SGL,3649.0,547.35,3101.65,3256.73,3373.97,3256.73,599(7-12) 199(3-6),,PREMIUM,93,BLOQUEOS_COMPARTIR
AZUL IXTAPA,,Ixtapa,2026-09-11,2026-09-13,TPL,2432.0,364.8,2067.2,2170.56,2248.7,2170.56,599(7-12) 199(3-6),,PREMIUM,62,BLOQUEOS_COMPARTIR
Azul Grand Ixtapa,,Ixtapa,2026-09-11,2026-09-13,DBL,2999,449.85,2549.15,2676.61,2772.97,2676.61,3-6: $299 | 7-12: $699,Venta controlada,LUXURY,102,MONARCA_FLYER
Azul Grand Ixtapa,,Ixtapa,2026-09-11,2026-09-13,SGL,4199,629.85,3569.15,3747.61,3882.52,3747.61,3-6: $299 | 7-12: $699,Venta controlada,LUXURY,143,MONARCA_FLYER
Azul Grand Ixtapa,,Ixtapa,2026-09-11,2026-09-13,TPL,2799,419.85,2379.15,2498.11,2588.04,2498.11,3-6: $299 | 7-12: $699,Venta controlada,LUXURY,95,MONARCA_FLYER
Azul Ixtapa,,Ixtapa,2026-09-11,2026-09-13,DBL,2599,389.85,2209.15,2319.61,2403.12,2319.61,3-6: $199 | 7-12: $599,Venta controlada,PREMIUM,66,MONARCA_FLYER
Azul Ixtapa,,Ixtapa,2026-09-11,2026-09-13,SGL,3649,547.35,3101.65,3256.73,3373.97,3256.73,3-6: $199 | 7-12: $599,Venta controlada,PREMIUM,93,MONARCA_FLYER
Azul Ixtapa,,Ixtapa,2026-09-11,2026-09-13,TPL,2433,364.95,2068.05,2171.45,2249.62,2171.45,3-6: $199 | 7-12: $599,Venta controlada,PREMIUM,62,MONARCA_FLYER
EMPORIO IXTAPA,,Ixtapa,2026-09-11,2026-09-13,DBL,2015.0,302.25,1712.75,1798.39,1863.13,1798.39,819(6-12),,PREMIUM,51,BLOQUEOS_COMPARTIR
EMPORIO IXTAPA,,Ixtapa,2026-09-11,2026-09-13,SGL,3223.0,483.45,2739.55,2876.53,2980.09,2876.53,819(6-12),,PREMIUM,82,BLOQUEOS_COMPARTIR
EMPORIO IXTAPA,,Ixtapa,2026-09-11,2026-09-13,TPL,1900.0,285.0,1615.0,1695.75,1756.8,1695.75,819(6-12),,PREMIUM,48,BLOQUEOS_COMPARTIR
FONTAN IXTAPA,,Ixtapa,2026-09-11,2026-09-13,DBL,1875.0,281.25,1593.75,1673.44,1733.68,1673.44,GRATIS (0-12),DESAYUNO AMERICANO A LA LLEGADA,ESTANDAR,32,BLOQUEOS_COMPARTIR
FONTAN IXTAPA,,Ixtapa,2026-09-11,2026-09-13,SGL,3435.0,515.25,2919.75,3065.74,3176.11,3065.74,GRATIS (0-12),DESAYUNO AMERICANO A LA LLEGADA,ESTANDAR,58,BLOQUEOS_COMPARTIR
FONTAN IXTAPA,,Ixtapa,2026-09-11,2026-09-13,TPL,1730.0,259.5,1470.5,1544.03,1599.62,1544.03,GRATIS (0-12),DESAYUNO AMERICANO A LA LLEGADA,ESTANDAR,29,BLOQUEOS_COMPARTIR
QUALTON IXTAPA,,Ixtapa,2026-09-11,2026-09-13,DBL,1999.0,299.85,1699.15,1784.11,1848.34,1784.11,499(6-12)2x1,,PREMIUM,51,BLOQUEOS_COMPARTIR
QUALTON IXTAPA,,Ixtapa,2026-09-11,2026-09-13,SGL,3198.0,479.7,2718.3,2854.22,2956.97,2854.22,499(6-12)2x1,,PREMIUM,82,BLOQUEOS_COMPARTIR
QUALTON IXTAPA,,Ixtapa,2026-09-11,2026-09-13,TPL,1899.0,284.85,1614.15,1694.86,1755.87,1694.86,499(6-12)2x1,,PREMIUM,48,BLOQUEOS_COMPARTIR
AZUL GRAND,,Ixtapa,2026-09-13,2026-09-15,DBL,3299.0,494.85,2804.15,2944.36,3050.36,2944.36,GRATIS (0-12),DESAYUNO A LA LLEGADA,LUXURY,112,BLOQUEOS_COMPARTIR
AZUL GRAND,,Ixtapa,2026-09-13,2026-09-15,SGL,4599.0,689.85,3909.15,4104.61,4252.38,4104.61,GRATIS (0-12),DESAYUNO A LA LLEGADA,LUXURY,156,BLOQUEOS_COMPARTIR
AZUL GRAND,,Ixtapa,2026-09-13,2026-09-15,TPL,3082.0,462.3,2619.7,2750.68,2849.7,2750.68,GRATIS (0-12),DESAYUNO A LA LLEGADA,LUXURY,105,BLOQUEOS_COMPARTIR
EMPORIO IXTAPA,,Ixtapa,2026-09-13,2026-09-16,DBL,2015.0,302.25,1712.75,1798.39,1863.13,1798.39,819(6-12),SUPLEMENTO OBLIGATORIO CENA MEXICANA ADL $395 / MNR 240,PREMIUM,51,BLOQUEOS_COMPARTIR
EMPORIO IXTAPA,,Ixtapa,2026-09-13,2026-09-16,SGL,3223.0,483.45,2739.55,2876.53,2980.09,2876.53,819(6-12),SUPLEMENTO OBLIGATORIO CENA MEXICANA ADL $395 / MNR 240,PREMIUM,82,BLOQUEOS_COMPARTIR
EMPORIO IXTAPA,,Ixtapa,2026-09-13,2026-09-16,TPL,1900.0,285.0,1615.0,1695.75,1756.8,1695.75,819(6-12),SUPLEMENTO OBLIGATORIO CENA MEXICANA ADL $395 / MNR 240,PREMIUM,48,BLOQUEOS_COMPARTIR
EMPORIO IXTAPA / CAMA KING,,Ixtapa,2026-09-13,2026-09-16,DBL,2015.0,302.25,1712.75,1798.39,1863.13,1798.39,819(6-12),SUPLEMENTO OBLIGATORIO CENA MEXICANA ADL $395 / MNR 240,PREMIUM,51,BLOQUEOS_COMPARTIR
EMPORIO IXTAPA / CAMA KING,,Ixtapa,2026-09-13,2026-09-16,SGL,3223.0,483.45,2739.55,2876.53,2980.09,2876.53,819(6-12),SUPLEMENTO OBLIGATORIO CENA MEXICANA ADL $395 / MNR 240,PREMIUM,82,BLOQUEOS_COMPARTIR
FONTAN IXTAPA,,Ixtapa,2026-09-13,2026-09-15,DBL,1743.0,261.45,1481.55,1555.63,1611.63,1555.63,490(6-12)2x1,DESAYUNO AMERICANO A LA LLEGADA,ESTANDAR,30,BLOQUEOS_COMPARTIR
FONTAN IXTAPA,,Ixtapa,2026-09-13,2026-09-15,SGL,2731.0,409.65,2321.35,2437.42,2525.17,2437.42,490(6-12)2x1,DESAYUNO AMERICANO A LA LLEGADA,ESTANDAR,46,BLOQUEOS_COMPARTIR
FONTAN IXTAPA,,Ixtapa,2026-09-13,2026-09-15,TPL,1665.0,249.75,1415.25,1486.01,1539.51,1486.01,490(6-12)2x1,DESAYUNO AMERICANO A LA LLEGADA,ESTANDAR,28,BLOQUEOS_COMPARTIR
Iberostar Playa Mita,,Riviera Nayarit,2026-09-13,2026-09-17,DBL,2844.0,426.6,2417.4,2538.27,2629.65,2538.27,MNR 3-12: $1423,,LUXURY,97,BLOQUEOS_CLICK
Iberostar Playa Mita,,Riviera Nayarit,2026-09-13,2026-09-17,SGL,4884.0,732.6,4151.4,4358.97,4515.89,4358.97,MNR 3-12: $1423,,LUXURY,166,BLOQUEOS_CLICK
Iberostar Playa Mita,,Riviera Nayarit,2026-09-13,2026-09-17,TPL,2618.0,392.7,2225.3,2336.57,2420.69,2336.57,MNR 3-12: $1423,,LUXURY,89,BLOQUEOS_CLICK
Sunscape Puerto Vallarta,,Puerto Vallarta,2026-09-14,2026-09-17,DBL,1999.0,299.85,1699.15,1784.11,1848.34,1784.11,MNR 3-12: $499,,PREMIUM,51,BLOQUEOS_CLICK
Sunscape Puerto Vallarta,,Puerto Vallarta,2026-09-14,2026-09-17,SGL,3499.0,524.85,2974.15,3122.86,3235.28,3122.86,MNR 3-12: $499,,PREMIUM,89,BLOQUEOS_CLICK
Sunscape Puerto Vallarta,,Puerto Vallarta,2026-09-14,2026-09-17,TPL,1899.0,284.85,1614.15,1694.86,1755.87,1694.86,MNR 3-12: $499,,PREMIUM,48,BLOQUEOS_CLICK
AZUL GRAND,,Ixtapa,2026-09-18,2026-09-20,DBL,2999.0,449.85,2549.15,2676.61,2772.97,2676.61,699(7-12) 299(3-6),,LUXURY,102,BLOQUEOS_COMPARTIR
AZUL GRAND,,Ixtapa,2026-09-18,2026-09-20,SGL,4199.0,629.85,3569.15,3747.61,3882.52,3747.61,699(7-12) 299(3-6),,LUXURY,143,BLOQUEOS_COMPARTIR
AZUL GRAND,,Ixtapa,2026-09-18,2026-09-20,TPL,2799.0,419.85,2379.15,2498.11,2588.04,2498.11,699(7-12) 299(3-6),,LUXURY,95,BLOQUEOS_COMPARTIR
AZUL IXTAPA,,Ixtapa,2026-09-18,2026-09-20,DBL,2599.0,389.85,2209.15,2319.61,2403.12,2319.61,599(7-12) 199(3-6),,PREMIUM,66,BLOQUEOS_COMPARTIR
AZUL IXTAPA,,Ixtapa,2026-09-18,2026-09-20,SGL,3649.0,547.35,3101.65,3256.73,3373.97,3256.73,599(7-12) 199(3-6),,PREMIUM,93,BLOQUEOS_COMPARTIR
AZUL IXTAPA,,Ixtapa,2026-09-18,2026-09-20,TPL,2432.0,364.8,2067.2,2170.56,2248.7,2170.56,599(7-12) 199(3-6),,PREMIUM,62,BLOQUEOS_COMPARTIR
Azul Grand Ixtapa,,Ixtapa,2026-09-18,2026-09-20,DBL,2999,449.85,2549.15,2676.61,2772.97,2676.61,3-6: $299 | 7-12: $699,Venta controlada,LUXURY,102,MONARCA_FLYER
Azul Grand Ixtapa,,Ixtapa,2026-09-18,2026-09-20,SGL,4199,629.85,3569.15,3747.61,3882.52,3747.61,3-6: $299 | 7-12: $699,Venta controlada,LUXURY,143,MONARCA_FLYER
Azul Grand Ixtapa,,Ixtapa,2026-09-18,2026-09-20,TPL,2799,419.85,2379.15,2498.11,2588.04,2498.11,3-6: $299 | 7-12: $699,Venta controlada,LUXURY,95,MONARCA_FLYER
Azul Ixtapa,,Ixtapa,2026-09-18,2026-09-20,DBL,2599,389.85,2209.15,2319.61,2403.12,2319.61,3-6: $199 | 7-12: $599,Venta controlada,PREMIUM,66,MONARCA_FLYER
Azul Ixtapa,,Ixtapa,2026-09-18,2026-09-20,SGL,3649,547.35,3101.65,3256.73,3373.97,3256.73,3-6: $199 | 7-12: $599,Venta controlada,PREMIUM,93,MONARCA_FLYER
Azul Ixtapa,,Ixtapa,2026-09-18,2026-09-20,TPL,2433,364.95,2068.05,2171.45,2249.62,2171.45,3-6: $199 | 7-12: $599,Venta controlada,PREMIUM,62,MONARCA_FLYER
BRISAS IXTAPA,,Ixtapa,2026-09-18,2026-09-20,DBL,2594.0,389.1,2204.9,2315.14,2398.49,2315.14,1125(7-12)2x1,,PREMIUM,66,BLOQUEOS_COMPARTIR
BRISAS IXTAPA,,Ixtapa,2026-09-18,2026-09-20,SGL,4063.0,609.45,3453.55,3626.23,3756.77,3626.23,1125(7-12)2x1,,PREMIUM,104,BLOQUEOS_COMPARTIR
BRISAS IXTAPA,,Ixtapa,2026-09-18,2026-09-20,TPL,2279.0,341.85,1937.15,2034.01,2107.23,2034.01,1125(7-12)2x1,,PREMIUM,58,BLOQUEOS_COMPARTIR
EMPORIO IXTAPA,,Ixtapa,2026-09-18,2026-09-20,DBL,2015.0,302.25,1712.75,1798.39,1863.13,1798.39,819(6-12),,PREMIUM,51,BLOQUEOS_COMPARTIR
EMPORIO IXTAPA,,Ixtapa,2026-09-18,2026-09-20,SGL,3223.0,483.45,2739.55,2876.53,2980.09,2876.53,819(6-12),,PREMIUM,82,BLOQUEOS_COMPARTIR
EMPORIO IXTAPA,,Ixtapa,2026-09-18,2026-09-20,TPL,1900.0,285.0,1615.0,1695.75,1756.8,1695.75,819(6-12),,PREMIUM,48,BLOQUEOS_COMPARTIR
FONTAN IXTAPA,,Ixtapa,2026-09-18,2026-09-20,DBL,1875.0,281.25,1593.75,1673.44,1733.68,1673.44,GRATIS (0-12),DESAYUNO AMERICANO A LA LLEGADA,ESTANDAR,32,BLOQUEOS_COMPARTIR
FONTAN IXTAPA,,Ixtapa,2026-09-18,2026-09-20,SGL,3435.0,515.25,2919.75,3065.74,3176.11,3065.74,GRATIS (0-12),DESAYUNO AMERICANO A LA LLEGADA,ESTANDAR,58,BLOQUEOS_COMPARTIR
FONTAN IXTAPA,,Ixtapa,2026-09-18,2026-09-20,TPL,1730.0,259.5,1470.5,1544.03,1599.62,1544.03,GRATIS (0-12),DESAYUNO AMERICANO A LA LLEGADA,ESTANDAR,29,BLOQUEOS_COMPARTIR
QUALTON IXTAPA,,Ixtapa,2026-09-18,2026-09-20,DBL,1999.0,299.85,1699.15,1784.11,1848.34,1784.11,499(6-12)2x1,,PREMIUM,51,BLOQUEOS_COMPARTIR
QUALTON IXTAPA,,Ixtapa,2026-09-18,2026-09-20,SGL,3198.0,479.7,2718.3,2854.22,2956.97,2854.22,499(6-12)2x1,,PREMIUM,82,BLOQUEOS_COMPARTIR
QUALTON IXTAPA,,Ixtapa,2026-09-18,2026-09-20,TPL,1899.0,284.85,1614.15,1694.86,1755.87,1694.86,499(6-12)2x1,,PREMIUM,48,BLOQUEOS_COMPARTIR
AZUL GRAND,,Ixtapa,2026-09-20,2026-09-22,DBL,2999.0,449.85,2549.15,2676.61,2772.97,2676.61,GRATIS(0-12),DESAYUNO A LA LLEGADA,LUXURY,102,BLOQUEOS_COMPARTIR
AZUL GRAND,,Ixtapa,2026-09-20,2026-09-22,SGL,4199.0,629.85,3569.15,3747.61,3882.52,3747.61,GRATIS(0-12),DESAYUNO A LA LLEGADA,LUXURY,143,BLOQUEOS_COMPARTIR
AZUL GRAND,,Ixtapa,2026-09-20,2026-09-22,TPL,2799.0,419.85,2379.15,2498.11,2588.04,2498.11,GRATIS(0-12),DESAYUNO A LA LLEGADA,LUXURY,95,BLOQUEOS_COMPARTIR
BARCELO IXTAPA,,Ixtapa,2026-09-20,2026-09-22,DBL,2550.0,382.5,2167.5,2275.88,2357.81,2275.88,800(2-11),DESAYUNO A LA LLEGADA,LUXURY,87,BLOQUEOS_COMPARTIR
BARCELO IXTAPA,,Ixtapa,2026-09-20,2026-09-22,SGL,4590.0,688.5,3901.5,4096.57,4244.05,4096.57,800(2-11),DESAYUNO A LA LLEGADA,LUXURY,156,BLOQUEOS_COMPARTIR
BARCELO IXTAPA,,Ixtapa,2026-09-20,2026-09-22,TPL,2380.0,357.0,2023.0,2124.15,2200.62,2124.15,800(2-11),DESAYUNO A LA LLEGADA,LUXURY,81,BLOQUEOS_COMPARTIR
BRISAS IXTAPA,,Ixtapa,2026-09-20,2026-09-22,DBL,2375.0,356.25,2018.75,2119.69,2196.0,2119.69,GRATIS(7-12),,PREMIUM,61,BLOQUEOS_COMPARTIR
BRISAS IXTAPA,,Ixtapa,2026-09-20,2026-09-22,SGL,3625.0,543.75,3081.25,3235.31,3351.78,3235.31,GRATIS(7-12),,PREMIUM,92,BLOQUEOS_COMPARTIR
BRISAS IXTAPA,,Ixtapa,2026-09-20,2026-09-22,TPL,2133.0,319.95,1813.05,1903.7,1972.23,1903.7,GRATIS(7-12),,PREMIUM,54,BLOQUEOS_COMPARTIR
EMPORIO IXTAPA,,Ixtapa,2026-09-20,2026-09-22,DBL,1797.0,269.55,1527.45,1603.82,1661.56,1603.82,819(6-12)2x1,"EARLY CHECK IN PARA USO DE INSTALACIONES, NO INCLUYE DESAYUNO(ENTREGAD DE HABITACIONES 15:00 HRS)",PREMIUM,46,BLOQUEOS_COMPARTIR
EMPORIO IXTAPA,,Ixtapa,2026-09-20,2026-09-22,SGL,2874.0,431.1,2442.9,2565.05,2657.39,2565.05,819(6-12)2x1,"EARLY CHECK IN PARA USO DE INSTALACIONES, NO INCLUYE DESAYUNO(ENTREGAD DE HABITACIONES 15:00 HRS)",PREMIUM,73,BLOQUEOS_COMPARTIR
EMPORIO IXTAPA,,Ixtapa,2026-09-20,2026-09-22,TPL,1754.0,263.1,1490.9,1565.45,1621.81,1565.45,819(6-12)2x1,"EARLY CHECK IN PARA USO DE INSTALACIONES, NO INCLUYE DESAYUNO(ENTREGAD DE HABITACIONES 15:00 HRS)",PREMIUM,45,BLOQUEOS_COMPARTIR
FONTAN IXTAPA,,Ixtapa,2026-09-20,2026-09-22,DBL,1743.0,261.45,1481.55,1555.63,1611.63,1555.63,490(6-12)2x1,DESAYUNO AMERICANO A LA LLEGADA,ESTANDAR,30,BLOQUEOS_COMPARTIR
FONTAN IXTAPA,,Ixtapa,2026-09-20,2026-09-22,SGL,2731.0,409.65,2321.35,2437.42,2525.17,2437.42,490(6-12)2x1,DESAYUNO AMERICANO A LA LLEGADA,ESTANDAR,46,BLOQUEOS_COMPARTIR
FONTAN IXTAPA,,Ixtapa,2026-09-20,2026-09-22,TPL,1665.0,249.75,1415.25,1486.01,1539.51,1486.01,490(6-12)2x1,DESAYUNO AMERICANO A LA LLEGADA,ESTANDAR,28,BLOQUEOS_COMPARTIR
AZUL GRAND,,Ixtapa,2026-09-25,2026-09-27,DBL,2999.0,449.85,2549.15,2676.61,2772.97,2676.61,699(7-12)299(3-6),,LUXURY,102,BLOQUEOS_COMPARTIR
AZUL GRAND,,Ixtapa,2026-09-25,2026-09-27,SGL,4199.0,629.85,3569.15,3747.61,3882.52,3747.61,699(7-12)299(3-6),,LUXURY,143,BLOQUEOS_COMPARTIR
AZUL GRAND,,Ixtapa,2026-09-25,2026-09-27,TPL,2799.0,419.85,2379.15,2498.11,2588.04,2498.11,699(7-12)299(3-6),,LUXURY,95,BLOQUEOS_COMPARTIR
AZUL IXTAPA,,Ixtapa,2026-09-25,2026-09-27,DBL,2599.0,389.85,2209.15,2319.61,2403.12,2319.61,599(7-12) 199(3-6),,PREMIUM,66,BLOQUEOS_COMPARTIR
AZUL IXTAPA,,Ixtapa,2026-09-25,2026-09-27,SGL,3649.0,547.35,3101.65,3256.73,3373.97,3256.73,599(7-12) 199(3-6),,PREMIUM,93,BLOQUEOS_COMPARTIR
AZUL IXTAPA,,Ixtapa,2026-09-25,2026-09-27,TPL,2432.0,364.8,2067.2,2170.56,2248.7,2170.56,599(7-12) 199(3-6),,PREMIUM,62,BLOQUEOS_COMPARTIR
BRISAS IXTAPA,,Ixtapa,2026-09-25,2026-09-27,DBL,2594.0,389.1,2204.9,2315.14,2398.49,2315.14,1125(7-12)2x1,,PREMIUM,66,BLOQUEOS_COMPARTIR
BRISAS IXTAPA,,Ixtapa,2026-09-25,2026-09-27,SGL,4063.0,609.45,3453.55,3626.23,3756.77,3626.23,1125(7-12)2x1,,PREMIUM,104,BLOQUEOS_COMPARTIR
BRISAS IXTAPA,,Ixtapa,2026-09-25,2026-09-27,TPL,2279.0,341.85,1937.15,2034.01,2107.23,2034.01,1125(7-12)2x1,,PREMIUM,58,BLOQUEOS_COMPARTIR
EMPORIO IXTAPA,,Ixtapa,2026-09-25,2026-09-27,DBL,2015.0,302.25,1712.75,1798.39,1863.13,1798.39,819(6-12),,PREMIUM,51,BLOQUEOS_COMPARTIR
EMPORIO IXTAPA,,Ixtapa,2026-09-25,2026-09-27,SGL,3223.0,483.45,2739.55,2876.53,2980.09,2876.53,819(6-12),,PREMIUM,82,BLOQUEOS_COMPARTIR
EMPORIO IXTAPA,,Ixtapa,2026-09-25,2026-09-27,TPL,1900.0,285.0,1615.0,1695.75,1756.8,1695.75,819(6-12),,PREMIUM,48,BLOQUEOS_COMPARTIR
FONTAN IXTAPA,,Ixtapa,2026-09-25,2026-09-27,DBL,1875.0,281.25,1593.75,1673.44,1733.68,1673.44,490(6-12)2x1,DESAYUNO AMERICANO A LA LLEGADA,ESTANDAR,32,BLOQUEOS_COMPARTIR
FONTAN IXTAPA,,Ixtapa,2026-09-25,2026-09-27,SGL,3435.0,515.25,2919.75,3065.74,3176.11,3065.74,490(6-12)2x1,DESAYUNO AMERICANO A LA LLEGADA,ESTANDAR,58,BLOQUEOS_COMPARTIR
FONTAN IXTAPA,,Ixtapa,2026-09-25,2026-09-27,TPL,1730.0,259.5,1470.5,1544.03,1599.62,1544.03,490(6-12)2x1,DESAYUNO AMERICANO A LA LLEGADA,ESTANDAR,29,BLOQUEOS_COMPARTIR
Holiday Inn Resort Ixtapa,,Ixtapa,2026-09-25,2026-09-27,DBL,2407,361.05,2045.95,2148.25,2225.59,2148.25,GRATIS (0-12 años),Early check in + Menores Gratis 0-12,PREMIUM,61,MONARCA_FLYER
Holiday Inn Resort Ixtapa,,Ixtapa,2026-09-25,2026-09-27,SGL,4812.5,721.88,4090.62,4295.15,4449.78,4295.15,GRATIS (0-12 años),Early check in + Menores Gratis 0-12,PREMIUM,123,MONARCA_FLYER
Holiday Inn Resort Ixtapa,,Ixtapa,2026-09-25,2026-09-27,TPL,2407,361.05,2045.95,2148.25,2225.59,2148.25,GRATIS (0-12 años),Early check in + Menores Gratis 0-12,PREMIUM,61,MONARCA_FLYER
QUALTON IXTAPA,,Ixtapa,2026-09-25,2026-09-27,DBL,1999.0,299.85,1699.15,1784.11,1848.34,1784.11,499(6-12)2x1,,PREMIUM,51,BLOQUEOS_COMPARTIR
QUALTON IXTAPA,,Ixtapa,2026-09-25,2026-09-27,SGL,3198.0,479.7,2718.3,2854.22,2956.97,2854.22,499(6-12)2x1,,PREMIUM,82,BLOQUEOS_COMPARTIR
QUALTON IXTAPA,,Ixtapa,2026-09-25,2026-09-27,TPL,1899.0,284.85,1614.15,1694.86,1755.87,1694.86,499(6-12)2x1,,PREMIUM,48,BLOQUEOS_COMPARTIR
AZUL IXTAPA,,Ixtapa,2026-09-27,2026-09-29,DBL,2599.0,389.85,2209.15,2319.61,2403.12,2319.61,GRATIS (0-12),DESAYUNO A LA LLEGADA,PREMIUM,66,BLOQUEOS_COMPARTIR
AZUL IXTAPA,,Ixtapa,2026-09-27,2026-09-29,SGL,3649.0,547.35,3101.65,3256.73,3373.97,3256.73,GRATIS (0-12),DESAYUNO A LA LLEGADA,PREMIUM,93,BLOQUEOS_COMPARTIR
AZUL IXTAPA,,Ixtapa,2026-09-27,2026-09-29,TPL,2432.0,364.8,2067.2,2170.56,2248.7,2170.56,GRATIS (0-12),DESAYUNO A LA LLEGADA,PREMIUM,62,BLOQUEOS_COMPARTIR
BARCELO IXTAPA,,Ixtapa,2026-09-27,2026-09-29,DBL,2550.0,382.5,2167.5,2275.88,2357.81,2275.88,800(2-11),DESAYUNO A LA LLEGADA,LUXURY,87,BLOQUEOS_COMPARTIR
BARCELO IXTAPA,,Ixtapa,2026-09-27,2026-09-29,SGL,4590.0,688.5,3901.5,4096.57,4244.05,4096.57,800(2-11),DESAYUNO A LA LLEGADA,LUXURY,156,BLOQUEOS_COMPARTIR
BARCELO IXTAPA,,Ixtapa,2026-09-27,2026-09-29,TPL,2380.0,357.0,2023.0,2124.15,2200.62,2124.15,800(2-11),DESAYUNO A LA LLEGADA,LUXURY,81,BLOQUEOS_COMPARTIR
BRISAS IXTAPA,,Ixtapa,2026-09-27,2026-09-29,DBL,2375.0,356.25,2018.75,2119.69,2196.0,2119.69,GRATIS(7-12),,PREMIUM,61,BLOQUEOS_COMPARTIR
BRISAS IXTAPA,,Ixtapa,2026-09-27,2026-09-29,SGL,3625.0,543.75,3081.25,3235.31,3351.78,3235.31,GRATIS(7-12),,PREMIUM,92,BLOQUEOS_COMPARTIR
BRISAS IXTAPA,,Ixtapa,2026-09-27,2026-09-29,TPL,2133.0,319.95,1813.05,1903.7,1972.23,1903.7,GRATIS(7-12),,PREMIUM,54,BLOQUEOS_COMPARTIR
EMPORIO IXTAPA,,Ixtapa,2026-09-27,2026-09-29,DBL,1797.0,269.55,1527.45,1603.82,1661.56,1603.82,819(6-12)2x1,"EARLY CHECK IN PARA USO DE INSTALACIONES, NO INCLUYE DESAYUNO(ENTREGAD DE HABITACIONES 15:00 HRS)",PREMIUM,46,BLOQUEOS_COMPARTIR
EMPORIO IXTAPA,,Ixtapa,2026-09-27,2026-09-29,SGL,2874.0,431.1,2442.9,2565.05,2657.39,2565.05,819(6-12)2x1,"EARLY CHECK IN PARA USO DE INSTALACIONES, NO INCLUYE DESAYUNO(ENTREGAD DE HABITACIONES 15:00 HRS)",PREMIUM,73,BLOQUEOS_COMPARTIR
EMPORIO IXTAPA,,Ixtapa,2026-09-27,2026-09-29,TPL,1754.0,263.1,1490.9,1565.45,1621.81,1565.45,819(6-12)2x1,"EARLY CHECK IN PARA USO DE INSTALACIONES, NO INCLUYE DESAYUNO(ENTREGAD DE HABITACIONES 15:00 HRS)",PREMIUM,45,BLOQUEOS_COMPARTIR
FONTAN IXTAPA,,Ixtapa,2026-09-27,2026-09-29,DBL,1743.0,261.45,1481.55,1555.63,1611.63,1555.63,GRATIS (0-12),DESAYUNO AMERICANO A LA LLEGADA,ESTANDAR,30,BLOQUEOS_COMPARTIR
FONTAN IXTAPA,,Ixtapa,2026-09-27,2026-09-29,SGL,2731.0,409.65,2321.35,2437.42,2525.17,2437.42,GRATIS (0-12),DESAYUNO AMERICANO A LA LLEGADA,ESTANDAR,46,BLOQUEOS_COMPARTIR
FONTAN IXTAPA,,Ixtapa,2026-09-27,2026-09-29,TPL,1665.0,249.75,1415.25,1486.01,1539.51,1486.01,GRATIS (0-12),DESAYUNO AMERICANO A LA LLEGADA,ESTANDAR,28,BLOQUEOS_COMPARTIR
SUNSCAPE IXTAPA,,Ixtapa,2026-09-27,2026-09-29,DBL,2344.0,351.6,1992.4,2092.02,2167.33,2092.02,263(3-12),VISTA AL MAR,PREMIUM,60,BLOQUEOS_COMPARTIR
SUNSCAPE IXTAPA,,Ixtapa,2026-09-27,2026-09-29,SGL,3516.0,527.4,2988.6,3138.03,3251.0,3138.03,263(3-12),VISTA AL MAR,PREMIUM,90,BLOQUEOS_COMPARTIR
SUNSCAPE IXTAPA,,Ixtapa,2026-09-27,2026-09-29,TPL,2188.0,328.2,1859.8,1952.79,2023.09,1952.79,263(3-12),VISTA AL MAR,PREMIUM,56,BLOQUEOS_COMPARTIR
AZUL GRAND,,Ixtapa,2026-10-02,2026-10-04,DBL,2999.0,449.85,2549.15,2676.61,2772.97,2676.61,699(7-12) 299(3-6),,LUXURY,102,BLOQUEOS_COMPARTIR
AZUL GRAND,,Ixtapa,2026-10-02,2026-10-04,SGL,4199.0,629.85,3569.15,3747.61,3882.52,3747.61,699(7-12) 299(3-6),,LUXURY,143,BLOQUEOS_COMPARTIR
AZUL GRAND,,Ixtapa,2026-10-02,2026-10-04,TPL,2799.0,419.85,2379.15,2498.11,2588.04,2498.11,699(7-12) 299(3-6),,LUXURY,95,BLOQUEOS_COMPARTIR
AZUL IXTAPA,,Ixtapa,2026-10-02,2026-10-04,DBL,2599.0,389.85,2209.15,2319.61,2403.12,2319.61,599 (7-12) 199(3-6),,PREMIUM,66,BLOQUEOS_COMPARTIR
AZUL IXTAPA,,Ixtapa,2026-10-02,2026-10-04,SGL,3649.0,547.35,3101.65,3256.73,3373.97,3256.73,599 (7-12) 199(3-6),,PREMIUM,93,BLOQUEOS_COMPARTIR
AZUL IXTAPA,,Ixtapa,2026-10-02,2026-10-04,TPL,2432.0,364.8,2067.2,2170.56,2248.7,2170.56,599 (7-12) 199(3-6),,PREMIUM,62,BLOQUEOS_COMPARTIR
Azul Grand Ixtapa,,Ixtapa,2026-10-02,2026-10-04,DBL,2999,449.85,2549.15,2676.61,2772.97,2676.61,3-6: $299 | 7-12: $699,Venta controlada,LUXURY,102,MONARCA_FLYER
Azul Grand Ixtapa,,Ixtapa,2026-10-02,2026-10-04,SGL,4199,629.85,3569.15,3747.61,3882.52,3747.61,3-6: $299 | 7-12: $699,Venta controlada,LUXURY,143,MONARCA_FLYER
Azul Grand Ixtapa,,Ixtapa,2026-10-02,2026-10-04,TPL,2799,419.85,2379.15,2498.11,2588.04,2498.11,3-6: $299 | 7-12: $699,Venta controlada,LUXURY,95,MONARCA_FLYER
Azul Ixtapa,,Ixtapa,2026-10-02,2026-10-04,DBL,2599,389.85,2209.15,2319.61,2403.12,2319.61,3-6: $199 | 7-12: $599,Venta controlada,PREMIUM,66,MONARCA_FLYER
Azul Ixtapa,,Ixtapa,2026-10-02,2026-10-04,SGL,3649,547.35,3101.65,3256.73,3373.97,3256.73,3-6: $199 | 7-12: $599,Venta controlada,PREMIUM,93,MONARCA_FLYER
Azul Ixtapa,,Ixtapa,2026-10-02,2026-10-04,TPL,2433,364.95,2068.05,2171.45,2249.62,2171.45,3-6: $199 | 7-12: $599,Venta controlada,PREMIUM,62,MONARCA_FLYER
EMPORIO IXTAPA,,Ixtapa,2026-10-02,2026-10-04,DBL,2015.0,302.25,1712.75,1798.39,1863.13,1798.39,819(6-12),,PREMIUM,51,BLOQUEOS_COMPARTIR
EMPORIO IXTAPA,,Ixtapa,2026-10-02,2026-10-04,SGL,3223.0,483.45,2739.55,2876.53,2980.09,2876.53,819(6-12),,PREMIUM,82,BLOQUEOS_COMPARTIR
EMPORIO IXTAPA,,Ixtapa,2026-10-02,2026-10-04,TPL,1900.0,285.0,1615.0,1695.75,1756.8,1695.75,819(6-12),,PREMIUM,48,BLOQUEOS_COMPARTIR
FONTAN IXTAPA,,Ixtapa,2026-10-02,2026-10-04,DBL,1875.0,281.25,1593.75,1673.44,1733.68,1673.44,GRATIS (0-12),DESAYUNO AMERICANO A LA LLEGADA,ESTANDAR,32,BLOQUEOS_COMPARTIR
FONTAN IXTAPA,,Ixtapa,2026-10-02,2026-10-04,SGL,3435.0,515.25,2919.75,3065.74,3176.11,3065.74,GRATIS (0-12),DESAYUNO AMERICANO A LA LLEGADA,ESTANDAR,58,BLOQUEOS_COMPARTIR
FONTAN IXTAPA,,Ixtapa,2026-10-02,2026-10-04,TPL,1730.0,259.5,1470.5,1544.03,1599.62,1544.03,GRATIS (0-12),DESAYUNO AMERICANO A LA LLEGADA,ESTANDAR,29,BLOQUEOS_COMPARTIR
AZUL GRAND,,Ixtapa,2026-10-04,2026-10-06,DBL,2999.0,449.85,2549.15,2676.61,2772.97,2676.61,GRATIS(0-12),DESAYUNO A LA LLEGADA,LUXURY,102,BLOQUEOS_COMPARTIR
AZUL GRAND,,Ixtapa,2026-10-04,2026-10-06,SGL,4199.0,629.85,3569.15,3747.61,3882.52,3747.61,GRATIS(0-12),DESAYUNO A LA LLEGADA,LUXURY,143,BLOQUEOS_COMPARTIR
AZUL GRAND,,Ixtapa,2026-10-04,2026-10-06,TPL,2799.0,419.85,2379.15,2498.11,2588.04,2498.11,GRATIS(0-12),DESAYUNO A LA LLEGADA,LUXURY,95,BLOQUEOS_COMPARTIR
BARCELO IXTAPA,,Ixtapa,2026-10-04,2026-10-06,DBL,2550.0,382.5,2167.5,2275.88,2357.81,2275.88,800(2-11),DESAYUNO A LA LLEGADA,LUXURY,87,BLOQUEOS_COMPARTIR
BARCELO IXTAPA,,Ixtapa,2026-10-04,2026-10-06,SGL,4590.0,688.5,3901.5,4096.57,4244.05,4096.57,800(2-11),DESAYUNO A LA LLEGADA,LUXURY,156,BLOQUEOS_COMPARTIR
BARCELO IXTAPA,,Ixtapa,2026-10-04,2026-10-06,TPL,2380.0,357.0,2023.0,2124.15,2200.62,2124.15,800(2-11),DESAYUNO A LA LLEGADA,LUXURY,81,BLOQUEOS_COMPARTIR
BRISAS IXTAPA,,Ixtapa,2026-10-04,2026-10-06,DBL,2375.0,356.25,2018.75,2119.69,2196.0,2119.69,GRATIS(7-12),,PREMIUM,61,BLOQUEOS_COMPARTIR
BRISAS IXTAPA,,Ixtapa,2026-10-04,2026-10-06,SGL,3625.0,543.75,3081.25,3235.31,3351.78,3235.31,GRATIS(7-12),,PREMIUM,92,BLOQUEOS_COMPARTIR
BRISAS IXTAPA,,Ixtapa,2026-10-04,2026-10-06,TPL,2133.0,319.95,1813.05,1903.7,1972.23,1903.7,GRATIS(7-12),,PREMIUM,54,BLOQUEOS_COMPARTIR
FONTAN IXTAPA,,Ixtapa,2026-10-04,2026-10-06,DBL,1743.0,261.45,1481.55,1555.63,1611.63,1555.63,490(6-12)2x1,DESAYUNO AMERICANO A LA LLEGADA,ESTANDAR,30,BLOQUEOS_COMPARTIR
FONTAN IXTAPA,,Ixtapa,2026-10-04,2026-10-06,SGL,2731.0,409.65,2321.35,2437.42,2525.17,2437.42,490(6-12)2x1,DESAYUNO AMERICANO A LA LLEGADA,ESTANDAR,46,BLOQUEOS_COMPARTIR
FONTAN IXTAPA,,Ixtapa,2026-10-04,2026-10-06,TPL,1665.0,249.75,1415.25,1486.01,1539.51,1486.01,490(6-12)2x1,DESAYUNO AMERICANO A LA LLEGADA,ESTANDAR,28,BLOQUEOS_COMPARTIR
Hotel Xcaret Mexico,,Riviera Maya,2026-10-05,2026-10-08,DBL,7125.0,1068.75,6056.25,6359.06,6587.99,6359.06,MNR 6-17 GRATIS,,PREMIUM PLUS,242,BLOQUEOS_CLICK
Hotel Xcaret Mexico,,Riviera Maya,2026-10-05,2026-10-08,SGL,14250.0,2137.5,12112.5,12718.12,13175.97,12718.12,MNR 6-17 GRATIS,,PREMIUM PLUS,484,BLOQUEOS_CLICK
Hotel Xcaret Mexico,,Riviera Maya,2026-10-05,2026-10-08,TPL,6888.0,1033.2,5854.8,6147.54,6368.85,6147.54,MNR 6-17 GRATIS,,PREMIUM PLUS,234,BLOQUEOS_CLICK
AZUL GRAND,,Ixtapa,2026-10-09,2026-10-11,DBL,2999.0,449.85,2549.15,2676.61,2772.97,2676.61,699(7-12) 299(3-6),,LUXURY,102,BLOQUEOS_COMPARTIR
AZUL GRAND,,Ixtapa,2026-10-09,2026-10-11,SGL,4199.0,629.85,3569.15,3747.61,3882.52,3747.61,699(7-12) 299(3-6),,LUXURY,143,BLOQUEOS_COMPARTIR
AZUL GRAND,,Ixtapa,2026-10-09,2026-10-11,TPL,2799.0,419.85,2379.15,2498.11,2588.04,2498.11,699(7-12) 299(3-6),,LUXURY,95,BLOQUEOS_COMPARTIR
AZUL IXTAPA,,Ixtapa,2026-10-09,2026-10-11,DBL,2599.0,389.85,2209.15,2319.61,2403.12,2319.61,599 (7-12) 199(3-6),,PREMIUM,66,BLOQUEOS_COMPARTIR
AZUL IXTAPA,,Ixtapa,2026-10-09,2026-10-11,SGL,3649.0,547.35,3101.65,3256.73,3373.97,3256.73,599 (7-12) 199(3-6),,PREMIUM,93,BLOQUEOS_COMPARTIR
AZUL IXTAPA,,Ixtapa,2026-10-09,2026-10-11,TPL,2432.0,364.8,2067.2,2170.56,2248.7,2170.56,599 (7-12) 199(3-6),,PREMIUM,62,BLOQUEOS_COMPARTIR
EMPORIO IXTAPA,,Ixtapa,2026-10-09,2026-10-11,DBL,2015.0,302.25,1712.75,1798.39,1863.13,1798.39,819(6-12),,PREMIUM,51,BLOQUEOS_COMPARTIR
EMPORIO IXTAPA,,Ixtapa,2026-10-09,2026-10-11,SGL,3223.0,483.45,2739.55,2876.53,2980.09,2876.53,819(6-12),,PREMIUM,82,BLOQUEOS_COMPARTIR
EMPORIO IXTAPA,,Ixtapa,2026-10-09,2026-10-11,TPL,1900.0,285.0,1615.0,1695.75,1756.8,1695.75,819(6-12),,PREMIUM,48,BLOQUEOS_COMPARTIR
FONTAN IXTAPA,,Ixtapa,2026-10-09,2026-10-11,DBL,1875.0,281.25,1593.75,1673.44,1733.68,1673.44,490(6-12)2x1,DESAYUNO AMERICANO A LA LLEGADA,ESTANDAR,32,BLOQUEOS_COMPARTIR
FONTAN IXTAPA,,Ixtapa,2026-10-09,2026-10-11,SGL,3435.0,515.25,2919.75,3065.74,3176.11,3065.74,490(6-12)2x1,DESAYUNO AMERICANO A LA LLEGADA,ESTANDAR,58,BLOQUEOS_COMPARTIR
FONTAN IXTAPA,,Ixtapa,2026-10-09,2026-10-11,TPL,1730.0,259.5,1470.5,1544.03,1599.62,1544.03,490(6-12)2x1,DESAYUNO AMERICANO A LA LLEGADA,ESTANDAR,29,BLOQUEOS_COMPARTIR
Holiday Inn Resort Ixtapa,,Ixtapa,2026-10-09,2026-10-11,DBL,2469,370.35,2098.65,2203.58,2282.91,2203.58,GRATIS (0-12 años),Early check in + Menores Gratis 0-12,PREMIUM,63,MONARCA_FLYER
Holiday Inn Resort Ixtapa,,Ixtapa,2026-10-09,2026-10-11,SGL,4937.5,740.62,4196.88,4406.72,4565.36,4406.72,GRATIS (0-12 años),Early check in + Menores Gratis 0-12,PREMIUM,126,MONARCA_FLYER
Holiday Inn Resort Ixtapa,,Ixtapa,2026-10-09,2026-10-11,TPL,2469,370.35,2098.65,2203.58,2282.91,2203.58,GRATIS (0-12 años),Early check in + Menores Gratis 0-12,PREMIUM,63,MONARCA_FLYER
Hotel Xcaret Mexico,Suite Garden / All Fun Inclusive,Riviera Maya,2026-10-09,2026-10-12,DBL,7600,1140.0,6460.0,6783.0,7027.19,6783.0,"JR(13-17): $2,667 | MNR hasta 12 GRATIS",Todo Incluido All Fun Inclusive | Parques incluidos | Xcaret Arte Show,PREMIUM PLUS,258,IMAGEN_XCARET
Hotel Xcaret Mexico,Suite Garden / All Fun Inclusive,Riviera Maya,2026-10-09,2026-10-12,SGL,15200,2280.0,12920.0,13566.0,14054.38,13566.0,"JR(13-17): $2,667 | MNR hasta 12 GRATIS",Todo Incluido All Fun Inclusive | Parques incluidos | Xcaret Arte Show,PREMIUM PLUS,517,IMAGEN_XCARET
Hotel Xcaret Mexico,Suite Garden / All Fun Inclusive,Riviera Maya,2026-10-09,2026-10-12,TPL,6840,1026.0,5814.0,6104.7,6324.47,6104.7,"JR(13-17): $2,667 | MNR hasta 12 GRATIS",Todo Incluido All Fun Inclusive | Parques incluidos | Xcaret Arte Show,PREMIUM PLUS,233,IMAGEN_XCARET
AZUL GRAND,,Ixtapa,2026-10-11,2026-10-13,DBL,2999.0,449.85,2549.15,2676.61,2772.97,2676.61,GRATIS(0-12),DESAYUNO A LA LLEGADA,LUXURY,102,BLOQUEOS_COMPARTIR
AZUL GRAND,,Ixtapa,2026-10-11,2026-10-13,SGL,4199.0,629.85,3569.15,3747.61,3882.52,3747.61,GRATIS(0-12),DESAYUNO A LA LLEGADA,LUXURY,143,BLOQUEOS_COMPARTIR
AZUL GRAND,,Ixtapa,2026-10-11,2026-10-13,TPL,2799.0,419.85,2379.15,2498.11,2588.04,2498.11,GRATIS(0-12),DESAYUNO A LA LLEGADA,LUXURY,95,BLOQUEOS_COMPARTIR
BARCELO IXTAPA,,Ixtapa,2026-10-11,2026-10-13,DBL,2550.0,382.5,2167.5,2275.88,2357.81,2275.88,800(2-11),DESAYUNO A LA LLEGADA,LUXURY,87,BLOQUEOS_COMPARTIR
BARCELO IXTAPA,,Ixtapa,2026-10-11,2026-10-13,SGL,4590.0,688.5,3901.5,4096.57,4244.05,4096.57,800(2-11),DESAYUNO A LA LLEGADA,LUXURY,156,BLOQUEOS_COMPARTIR
BARCELO IXTAPA,,Ixtapa,2026-10-11,2026-10-13,TPL,2380.0,357.0,2023.0,2124.15,2200.62,2124.15,800(2-11),DESAYUNO A LA LLEGADA,LUXURY,81,BLOQUEOS_COMPARTIR
FONTAN IXTAPA,,Ixtapa,2026-10-11,2026-10-13,DBL,1743.0,261.45,1481.55,1555.63,1611.63,1555.63,GRATIS(0-12),DESAYUNO AMERICANO A LA LLEGADA,ESTANDAR,30,BLOQUEOS_COMPARTIR
FONTAN IXTAPA,,Ixtapa,2026-10-11,2026-10-13,SGL,2731.0,409.65,2321.35,2437.42,2525.17,2437.42,GRATIS(0-12),DESAYUNO AMERICANO A LA LLEGADA,ESTANDAR,46,BLOQUEOS_COMPARTIR
FONTAN IXTAPA,,Ixtapa,2026-10-11,2026-10-13,TPL,1665.0,249.75,1415.25,1486.01,1539.51,1486.01,GRATIS(0-12),DESAYUNO AMERICANO A LA LLEGADA,ESTANDAR,28,BLOQUEOS_COMPARTIR
SUNSCAPE IXTAPA,,Ixtapa,2026-10-11,2026-10-13,DBL,2344.0,351.6,1992.4,2092.02,2167.33,2092.02,263(3-12),VISTA AL MAR,PREMIUM,60,BLOQUEOS_COMPARTIR
SUNSCAPE IXTAPA,,Ixtapa,2026-10-11,2026-10-13,SGL,3516.0,527.4,2988.6,3138.03,3251.0,3138.03,263(3-12),VISTA AL MAR,PREMIUM,90,BLOQUEOS_COMPARTIR
SUNSCAPE IXTAPA,,Ixtapa,2026-10-11,2026-10-13,TPL,2188.0,328.2,1859.8,1952.79,2023.09,1952.79,263(3-12),VISTA AL MAR,PREMIUM,56,BLOQUEOS_COMPARTIR
AZUL GRAND,,Ixtapa,2026-10-16,2026-10-18,DBL,2999.0,449.85,2549.15,2676.61,2772.97,2676.61,699(7-12) 299(3-6),,LUXURY,102,BLOQUEOS_COMPARTIR
AZUL GRAND,,Ixtapa,2026-10-16,2026-10-18,SGL,4199.0,629.85,3569.15,3747.61,3882.52,3747.61,699(7-12) 299(3-6),,LUXURY,143,BLOQUEOS_COMPARTIR
AZUL GRAND,,Ixtapa,2026-10-16,2026-10-18,TPL,2799.0,419.85,2379.15,2498.11,2588.04,2498.11,699(7-12) 299(3-6),,LUXURY,95,BLOQUEOS_COMPARTIR
AZUL IXTAPA,,Ixtapa,2026-10-16,2026-10-18,DBL,2599.0,389.85,2209.15,2319.61,2403.12,2319.61,599 (7-12) 199(3-6),,PREMIUM,66,BLOQUEOS_COMPARTIR
AZUL IXTAPA,,Ixtapa,2026-10-16,2026-10-18,SGL,3649.0,547.35,3101.65,3256.73,3373.97,3256.73,599 (7-12) 199(3-6),,PREMIUM,93,BLOQUEOS_COMPARTIR
AZUL IXTAPA,,Ixtapa,2026-10-16,2026-10-18,TPL,2432.0,364.8,2067.2,2170.56,2248.7,2170.56,599 (7-12) 199(3-6),,PREMIUM,62,BLOQUEOS_COMPARTIR
Azul Grand Ixtapa,,Ixtapa,2026-10-16,2026-10-18,DBL,2999,449.85,2549.15,2676.61,2772.97,2676.61,3-6: $299 | 7-12: $699,Venta controlada,LUXURY,102,MONARCA_FLYER
Azul Grand Ixtapa,,Ixtapa,2026-10-16,2026-10-18,SGL,4199,629.85,3569.15,3747.61,3882.52,3747.61,3-6: $299 | 7-12: $699,Venta controlada,LUXURY,143,MONARCA_FLYER
Azul Grand Ixtapa,,Ixtapa,2026-10-16,2026-10-18,TPL,2799,419.85,2379.15,2498.11,2588.04,2498.11,3-6: $299 | 7-12: $699,Venta controlada,LUXURY,95,MONARCA_FLYER
Azul Ixtapa,,Ixtapa,2026-10-16,2026-10-18,DBL,2599,389.85,2209.15,2319.61,2403.12,2319.61,3-6: $199 | 7-12: $599,Venta controlada,PREMIUM,66,MONARCA_FLYER
Azul Ixtapa,,Ixtapa,2026-10-16,2026-10-18,SGL,3649,547.35,3101.65,3256.73,3373.97,3256.73,3-6: $199 | 7-12: $599,Venta controlada,PREMIUM,93,MONARCA_FLYER
Azul Ixtapa,,Ixtapa,2026-10-16,2026-10-18,TPL,2433,364.95,2068.05,2171.45,2249.62,2171.45,3-6: $199 | 7-12: $599,Venta controlada,PREMIUM,62,MONARCA_FLYER
BRISAS IXTAPA,,Ixtapa,2026-10-16,2026-10-18,DBL,2594.0,389.1,2204.9,2315.14,2398.49,2315.14,1125(7-12)2x1,,PREMIUM,66,BLOQUEOS_COMPARTIR
BRISAS IXTAPA,,Ixtapa,2026-10-16,2026-10-18,SGL,4063.0,609.45,3453.55,3626.23,3756.77,3626.23,1125(7-12)2x1,,PREMIUM,104,BLOQUEOS_COMPARTIR
BRISAS IXTAPA,,Ixtapa,2026-10-16,2026-10-18,TPL,2279.0,341.85,1937.15,2034.01,2107.23,2034.01,1125(7-12)2x1,,PREMIUM,58,BLOQUEOS_COMPARTIR
EMPORIO IXTAPA,,Ixtapa,2026-10-16,2026-10-18,DBL,2015.0,302.25,1712.75,1798.39,1863.13,1798.39,819(6-12),,PREMIUM,51,BLOQUEOS_COMPARTIR
EMPORIO IXTAPA,,Ixtapa,2026-10-16,2026-10-18,SGL,3223.0,483.45,2739.55,2876.53,2980.09,2876.53,819(6-12),,PREMIUM,82,BLOQUEOS_COMPARTIR
EMPORIO IXTAPA,,Ixtapa,2026-10-16,2026-10-18,TPL,1900.0,285.0,1615.0,1695.75,1756.8,1695.75,819(6-12),,PREMIUM,48,BLOQUEOS_COMPARTIR
FONTAN IXTAPA,,Ixtapa,2026-10-16,2026-10-18,DBL,1875.0,281.25,1593.75,1673.44,1733.68,1673.44,490(6-12)2x1,DESAYUNO AMERICANO A LA LLEGADA,ESTANDAR,32,BLOQUEOS_COMPARTIR
FONTAN IXTAPA,,Ixtapa,2026-10-16,2026-10-18,SGL,3435.0,515.25,2919.75,3065.74,3176.11,3065.74,490(6-12)2x1,DESAYUNO AMERICANO A LA LLEGADA,ESTANDAR,58,BLOQUEOS_COMPARTIR
FONTAN IXTAPA,,Ixtapa,2026-10-16,2026-10-18,TPL,1730.0,259.5,1470.5,1544.03,1599.62,1544.03,490(6-12)2x1,DESAYUNO AMERICANO A LA LLEGADA,ESTANDAR,29,BLOQUEOS_COMPARTIR
HOLIDAY INN IXTAPA,,Ixtapa,2026-10-16,2026-10-18,DBL,2469.0,370.35,2098.65,2203.58,2282.91,2203.58,GRATIS(0-12),APLICA EARLY CHECK INN,PREMIUM,63,BLOQUEOS_COMPARTIR
HOLIDAY INN IXTAPA,,Ixtapa,2026-10-16,2026-10-18,SGL,4938.0,740.7,4197.3,4407.16,4565.82,4407.16,GRATIS(0-12),APLICA EARLY CHECK INN,PREMIUM,126,BLOQUEOS_COMPARTIR
HOLIDAY INN IXTAPA,,Ixtapa,2026-10-16,2026-10-18,TPL,2469.0,370.35,2098.65,2203.58,2282.91,2203.58,GRATIS(0-12),APLICA EARLY CHECK INN,PREMIUM,63,BLOQUEOS_COMPARTIR
Holiday Inn Resort Ixtapa,,Ixtapa,2026-10-16,2026-10-18,DBL,2469,370.35,2098.65,2203.58,2282.91,2203.58,GRATIS (0-12 años),Early check in + Menores Gratis 0-12,PREMIUM,63,MONARCA_FLYER
Holiday Inn Resort Ixtapa,,Ixtapa,2026-10-16,2026-10-18,SGL,4937.5,740.62,4196.88,4406.72,4565.36,4406.72,GRATIS (0-12 años),Early check in + Menores Gratis 0-12,PREMIUM,126,MONARCA_FLYER
Holiday Inn Resort Ixtapa,,Ixtapa,2026-10-16,2026-10-18,TPL,2469,370.35,2098.65,2203.58,2282.91,2203.58,GRATIS (0-12 años),Early check in + Menores Gratis 0-12,PREMIUM,63,MONARCA_FLYER
EMPORIO IXTAPA,,Ixtapa,2026-10-18,2026-10-20,DBL,1797.0,269.55,1527.45,1603.82,1661.56,1603.82,819(6-12)2x1,"EARLY CHECK IN PARA USO DE INSTALACIONES, NO INCLUYE DESAYUNO(ENTREGAD DE HABITACIONES 15:00 HRS)",PREMIUM,46,BLOQUEOS_COMPARTIR
EMPORIO IXTAPA,,Ixtapa,2026-10-18,2026-10-20,SGL,2874.0,431.1,2442.9,2565.05,2657.39,2565.05,819(6-12)2x1,"EARLY CHECK IN PARA USO DE INSTALACIONES, NO INCLUYE DESAYUNO(ENTREGAD DE HABITACIONES 15:00 HRS)",PREMIUM,73,BLOQUEOS_COMPARTIR
EMPORIO IXTAPA,,Ixtapa,2026-10-18,2026-10-20,TPL,1754.0,263.1,1490.9,1565.45,1621.81,1565.45,819(6-12)2x1,"EARLY CHECK IN PARA USO DE INSTALACIONES, NO INCLUYE DESAYUNO(ENTREGAD DE HABITACIONES 15:00 HRS)",PREMIUM,45,BLOQUEOS_COMPARTIR
FONTAN IXTAPA,,Ixtapa,2026-10-18,2026-10-20,DBL,1743.0,261.45,1481.55,1555.63,1611.63,1555.63,GRATIS(0-12),DESAYUNO AMERICANO A LA LLEGADA,ESTANDAR,30,BLOQUEOS_COMPARTIR
FONTAN IXTAPA,,Ixtapa,2026-10-18,2026-10-20,SGL,2731.0,409.65,2321.35,2437.42,2525.17,2437.42,GRATIS(0-12),DESAYUNO AMERICANO A LA LLEGADA,ESTANDAR,46,BLOQUEOS_COMPARTIR
FONTAN IXTAPA,,Ixtapa,2026-10-18,2026-10-20,TPL,1665.0,249.75,1415.25,1486.01,1539.51,1486.01,GRATIS(0-12),DESAYUNO AMERICANO A LA LLEGADA,ESTANDAR,28,BLOQUEOS_COMPARTIR
AZUL GRAND,,Ixtapa,2026-10-23,2026-10-25,DBL,2999.0,449.85,2549.15,2676.61,2772.97,2676.61,699(7-12) 299(3-6),,LUXURY,102,BLOQUEOS_COMPARTIR
AZUL GRAND,,Ixtapa,2026-10-23,2026-10-25,SGL,4199.0,629.85,3569.15,3747.61,3882.52,3747.61,699(7-12) 299(3-6),,LUXURY,143,BLOQUEOS_COMPARTIR
AZUL GRAND,,Ixtapa,2026-10-23,2026-10-25,TPL,2799.0,419.85,2379.15,2498.11,2588.04,2498.11,699(7-12) 299(3-6),,LUXURY,95,BLOQUEOS_COMPARTIR
AZUL IXTAPA,,Ixtapa,2026-10-23,2026-10-25,DBL,2599.0,389.85,2209.15,2319.61,2403.12,2319.61,599 (7-12) 199(3-6),,PREMIUM,66,BLOQUEOS_COMPARTIR
AZUL IXTAPA,,Ixtapa,2026-10-23,2026-10-25,SGL,3649.0,547.35,3101.65,3256.73,3373.97,3256.73,599 (7-12) 199(3-6),,PREMIUM,93,BLOQUEOS_COMPARTIR
AZUL IXTAPA,,Ixtapa,2026-10-23,2026-10-25,TPL,2432.0,364.8,2067.2,2170.56,2248.7,2170.56,599 (7-12) 199(3-6),,PREMIUM,62,BLOQUEOS_COMPARTIR
Azul Grand Ixtapa,,Ixtapa,2026-10-23,2026-10-25,DBL,2999,449.85,2549.15,2676.61,2772.97,2676.61,3-6: $299 | 7-12: $699,Venta controlada,LUXURY,102,MONARCA_FLYER
Azul Grand Ixtapa,,Ixtapa,2026-10-23,2026-10-25,SGL,4199,629.85,3569.15,3747.61,3882.52,3747.61,3-6: $299 | 7-12: $699,Venta controlada,LUXURY,143,MONARCA_FLYER
Azul Grand Ixtapa,,Ixtapa,2026-10-23,2026-10-25,TPL,2799,419.85,2379.15,2498.11,2588.04,2498.11,3-6: $299 | 7-12: $699,Venta controlada,LUXURY,95,MONARCA_FLYER
Azul Ixtapa,,Ixtapa,2026-10-23,2026-10-25,DBL,2599,389.85,2209.15,2319.61,2403.12,2319.61,3-6: $199 | 7-12: $599,Venta controlada,PREMIUM,66,MONARCA_FLYER
Azul Ixtapa,,Ixtapa,2026-10-23,2026-10-25,SGL,3649,547.35,3101.65,3256.73,3373.97,3256.73,3-6: $199 | 7-12: $599,Venta controlada,PREMIUM,93,MONARCA_FLYER
Azul Ixtapa,,Ixtapa,2026-10-23,2026-10-25,TPL,2433,364.95,2068.05,2171.45,2249.62,2171.45,3-6: $199 | 7-12: $599,Venta controlada,PREMIUM,62,MONARCA_FLYER
BRISAS IXTAPA,,Ixtapa,2026-10-23,2026-10-25,DBL,2594.0,389.1,2204.9,2315.14,2398.49,2315.14,1125(7-12)2x1,,PREMIUM,66,BLOQUEOS_COMPARTIR
BRISAS IXTAPA,,Ixtapa,2026-10-23,2026-10-25,SGL,4063.0,609.45,3453.55,3626.23,3756.77,3626.23,1125(7-12)2x1,,PREMIUM,104,BLOQUEOS_COMPARTIR
BRISAS IXTAPA,,Ixtapa,2026-10-23,2026-10-25,TPL,2279.0,341.85,1937.15,2034.01,2107.23,2034.01,1125(7-12)2x1,,PREMIUM,58,BLOQUEOS_COMPARTIR
EMPORIO IXTAPA,,Ixtapa,2026-10-23,2026-10-25,DBL,2015.0,302.25,1712.75,1798.39,1863.13,1798.39,819(6-12),,PREMIUM,51,BLOQUEOS_COMPARTIR
EMPORIO IXTAPA,,Ixtapa,2026-10-23,2026-10-25,SGL,3223.0,483.45,2739.55,2876.53,2980.09,2876.53,819(6-12),,PREMIUM,82,BLOQUEOS_COMPARTIR
EMPORIO IXTAPA,,Ixtapa,2026-10-23,2026-10-25,TPL,1900.0,285.0,1615.0,1695.75,1756.8,1695.75,819(6-12),,PREMIUM,48,BLOQUEOS_COMPARTIR
FONTAN IXTAPA,,Ixtapa,2026-10-23,2026-10-25,DBL,1875.0,281.25,1593.75,1673.44,1733.68,1673.44,490(6-12)2x1,DESAYUNO AMERICANO A LA LLEGADA,ESTANDAR,32,BLOQUEOS_COMPARTIR
FONTAN IXTAPA,,Ixtapa,2026-10-23,2026-10-25,SGL,3435.0,515.25,2919.75,3065.74,3176.11,3065.74,490(6-12)2x1,DESAYUNO AMERICANO A LA LLEGADA,ESTANDAR,58,BLOQUEOS_COMPARTIR
FONTAN IXTAPA,,Ixtapa,2026-10-23,2026-10-25,TPL,1730.0,259.5,1470.5,1544.03,1599.62,1544.03,490(6-12)2x1,DESAYUNO AMERICANO A LA LLEGADA,ESTANDAR,29,BLOQUEOS_COMPARTIR
Holiday Inn Resort Ixtapa,,Ixtapa,2026-10-23,2026-10-25,DBL,2469,370.35,2098.65,2203.58,2282.91,2203.58,GRATIS (0-12 años),Early check in + Menores Gratis 0-12,PREMIUM,63,MONARCA_FLYER
Holiday Inn Resort Ixtapa,,Ixtapa,2026-10-23,2026-10-25,SGL,4937.5,740.62,4196.88,4406.72,4565.36,4406.72,GRATIS (0-12 años),Early check in + Menores Gratis 0-12,PREMIUM,126,MONARCA_FLYER
Holiday Inn Resort Ixtapa,,Ixtapa,2026-10-23,2026-10-25,TPL,2469,370.35,2098.65,2203.58,2282.91,2203.58,GRATIS (0-12 años),Early check in + Menores Gratis 0-12,PREMIUM,63,MONARCA_FLYER
QUALTON IXTAPA,,Ixtapa,2026-10-23,2026-10-25,DBL,1949.0,292.35,1656.65,1739.48,1802.1,1739.48,499(6-12)2x1,,PREMIUM,50,BLOQUEOS_COMPARTIR
QUALTON IXTAPA,,Ixtapa,2026-10-23,2026-10-25,SGL,3098.0,464.7,2633.3,2764.97,2864.51,2764.97,499(6-12)2x1,,PREMIUM,79,BLOQUEOS_COMPARTIR
QUALTON IXTAPA,,Ixtapa,2026-10-23,2026-10-25,TPL,1849.0,277.35,1571.65,1650.23,1709.64,1650.23,499(6-12)2x1,,PREMIUM,47,BLOQUEOS_COMPARTIR
AZUL GRAND,,Ixtapa,2026-10-25,2026-10-27,DBL,2999.0,449.85,2549.15,2676.61,2772.97,2676.61,GRATIS(0-12),DESAYUNO A LA LLEGADA,LUXURY,102,BLOQUEOS_COMPARTIR
AZUL GRAND,,Ixtapa,2026-10-25,2026-10-27,SGL,4199.0,629.85,3569.15,3747.61,3882.52,3747.61,GRATIS(0-12),DESAYUNO A LA LLEGADA,LUXURY,143,BLOQUEOS_COMPARTIR
AZUL GRAND,,Ixtapa,2026-10-25,2026-10-27,TPL,2799.0,419.85,2379.15,2498.11,2588.04,2498.11,GRATIS(0-12),DESAYUNO A LA LLEGADA,LUXURY,95,BLOQUEOS_COMPARTIR
BRISAS IXTAPA,,Ixtapa,2026-10-25,2026-10-27,DBL,2375.0,356.25,2018.75,2119.69,2196.0,2119.69,GRATIS(7-12),,PREMIUM,61,BLOQUEOS_COMPARTIR
BRISAS IXTAPA,,Ixtapa,2026-10-25,2026-10-27,SGL,3625.0,543.75,3081.25,3235.31,3351.78,3235.31,GRATIS(7-12),,PREMIUM,92,BLOQUEOS_COMPARTIR
BRISAS IXTAPA,,Ixtapa,2026-10-25,2026-10-27,TPL,2133.0,319.95,1813.05,1903.7,1972.23,1903.7,GRATIS(7-12),,PREMIUM,54,BLOQUEOS_COMPARTIR
EMPORIO IXTAPA,,Ixtapa,2026-10-25,2026-10-27,DBL,1797.0,269.55,1527.45,1603.82,1661.56,1603.82,819(6-12)2x1,"EARLY CHECK IN PARA USO DE INSTALACIONES, NO INCLUYE DESAYUNO(ENTREGAD DE HABITACIONES 15:00 HRS)",PREMIUM,46,BLOQUEOS_COMPARTIR
EMPORIO IXTAPA,,Ixtapa,2026-10-25,2026-10-27,SGL,2874.0,431.1,2442.9,2565.05,2657.39,2565.05,819(6-12)2x1,"EARLY CHECK IN PARA USO DE INSTALACIONES, NO INCLUYE DESAYUNO(ENTREGAD DE HABITACIONES 15:00 HRS)",PREMIUM,73,BLOQUEOS_COMPARTIR
EMPORIO IXTAPA,,Ixtapa,2026-10-25,2026-10-27,TPL,1754.0,263.1,1490.9,1565.45,1621.81,1565.45,819(6-12)2x1,"EARLY CHECK IN PARA USO DE INSTALACIONES, NO INCLUYE DESAYUNO(ENTREGAD DE HABITACIONES 15:00 HRS)",PREMIUM,45,BLOQUEOS_COMPARTIR
FONTAN IXTAPA,,Ixtapa,2026-10-25,2026-10-27,DBL,1743.0,261.45,1481.55,1555.63,1611.63,1555.63,GRATIS(0-12),DESAYUNO AMERICANO A LA LLEGADA,ESTANDAR,30,BLOQUEOS_COMPARTIR
FONTAN IXTAPA,,Ixtapa,2026-10-25,2026-10-27,SGL,2731.0,409.65,2321.35,2437.42,2525.17,2437.42,GRATIS(0-12),DESAYUNO AMERICANO A LA LLEGADA,ESTANDAR,46,BLOQUEOS_COMPARTIR
FONTAN IXTAPA,,Ixtapa,2026-10-25,2026-10-27,TPL,1665.0,249.75,1415.25,1486.01,1539.51,1486.01,GRATIS(0-12),DESAYUNO AMERICANO A LA LLEGADA,ESTANDAR,28,BLOQUEOS_COMPARTIR
SUNSCAPE IXTAPA,,Ixtapa,2026-10-25,2026-10-27,DBL,2344.0,351.6,1992.4,2092.02,2167.33,2092.02,263(3-12),VISTA AL MAR,PREMIUM,60,BLOQUEOS_COMPARTIR
SUNSCAPE IXTAPA,,Ixtapa,2026-10-25,2026-10-27,SGL,3516.0,527.4,2988.6,3138.03,3251.0,3138.03,263(3-12),VISTA AL MAR,PREMIUM,90,BLOQUEOS_COMPARTIR
SUNSCAPE IXTAPA,,Ixtapa,2026-10-25,2026-10-27,TPL,2188.0,328.2,1859.8,1952.79,2023.09,1952.79,263(3-12),VISTA AL MAR,PREMIUM,56,BLOQUEOS_COMPARTIR
AZUL GRAND,,Ixtapa,2026-10-30,2026-11-01,DBL,3299.0,494.85,2804.15,2944.36,3050.36,2944.36,699(7-12) 299(3-6),,LUXURY,112,BLOQUEOS_COMPARTIR
AZUL GRAND,,Ixtapa,2026-10-30,2026-11-01,SGL,4599.0,689.85,3909.15,4104.61,4252.38,4104.61,699(7-12) 299(3-6),,LUXURY,156,BLOQUEOS_COMPARTIR
AZUL GRAND,,Ixtapa,2026-10-30,2026-11-01,TPL,3082.0,462.3,2619.7,2750.68,2849.7,2750.68,699(7-12) 299(3-6),,LUXURY,105,BLOQUEOS_COMPARTIR
AZUL IXTAPA,,Ixtapa,2026-10-30,2026-11-01,DBL,2899.0,434.85,2464.15,2587.36,2680.5,2587.36,599 (7-12) 199(3-6),,PREMIUM,74,BLOQUEOS_COMPARTIR
AZUL IXTAPA,,Ixtapa,2026-10-30,2026-11-01,SGL,4049.0,607.35,3441.65,3613.73,3743.82,3613.73,599 (7-12) 199(3-6),,PREMIUM,103,BLOQUEOS_COMPARTIR
AZUL IXTAPA,,Ixtapa,2026-10-30,2026-11-01,TPL,2699.0,404.85,2294.15,2408.86,2495.58,2408.86,599 (7-12) 199(3-6),,PREMIUM,69,BLOQUEOS_COMPARTIR
EMPORIO IXTAPA,,Ixtapa,2026-10-30,2026-11-01,DBL,2015.0,302.25,1712.75,1798.39,1863.13,1798.39,819(6-12),,PREMIUM,51,BLOQUEOS_COMPARTIR
EMPORIO IXTAPA,,Ixtapa,2026-10-30,2026-11-01,SGL,3223.0,483.45,2739.55,2876.53,2980.09,2876.53,819(6-12),,PREMIUM,82,BLOQUEOS_COMPARTIR
EMPORIO IXTAPA,,Ixtapa,2026-10-30,2026-11-01,TPL,1900.0,285.0,1615.0,1695.75,1756.8,1695.75,819(6-12),,PREMIUM,48,BLOQUEOS_COMPARTIR
FONTAN IXTAPA,,Ixtapa,2026-10-30,2026-11-01,DBL,1875.0,281.25,1593.75,1673.44,1733.68,1673.44,490(6-12)2x1,DESAYUNO AMERICANO A LA LLEGADA /2DO GRUPO,ESTANDAR,32,BLOQUEOS_COMPARTIR
FONTAN IXTAPA,,Ixtapa,2026-10-30,2026-11-01,SGL,3435.0,515.25,2919.75,3065.74,3176.11,3065.74,490(6-12)2x1,DESAYUNO AMERICANO A LA LLEGADA /2DO GRUPO,ESTANDAR,58,BLOQUEOS_COMPARTIR
FONTAN IXTAPA,,Ixtapa,2026-10-30,2026-11-01,TPL,1730.0,259.5,1470.5,1544.03,1599.62,1544.03,490(6-12)2x1,DESAYUNO AMERICANO A LA LLEGADA /2DO GRUPO,ESTANDAR,29,BLOQUEOS_COMPARTIR
QUALTON IXTAPA,,Ixtapa,2026-10-30,2026-11-01,DBL,1949.0,292.35,1656.65,1739.48,1802.1,1739.48,499(6-12)2x1,,PREMIUM,50,BLOQUEOS_COMPARTIR
QUALTON IXTAPA,,Ixtapa,2026-10-30,2026-11-01,SGL,3098.0,464.7,2633.3,2764.97,2864.51,2764.97,499(6-12)2x1,,PREMIUM,79,BLOQUEOS_COMPARTIR
QUALTON IXTAPA,,Ixtapa,2026-10-30,2026-11-01,TPL,1849.0,277.35,1571.65,1650.23,1709.64,1650.23,499(6-12)2x1,,PREMIUM,47,BLOQUEOS_COMPARTIR
BRISAS IXTAPA,,Ixtapa,2026-11-01,2026-11-03,DBL,2500.0,375.0,2125.0,2231.25,2311.58,2231.25,GRATIS(7-12),,PREMIUM,64,BLOQUEOS_COMPARTIR
BRISAS IXTAPA,,Ixtapa,2026-11-01,2026-11-03,SGL,3875.0,581.25,3293.75,3458.44,3582.94,3458.44,GRATIS(7-12),,PREMIUM,99,BLOQUEOS_COMPARTIR
BRISAS IXTAPA,,Ixtapa,2026-11-01,2026-11-03,TPL,2258.0,338.7,1919.3,2015.27,2087.82,2015.27,GRATIS(7-12),,PREMIUM,58,BLOQUEOS_COMPARTIR
EMPORIO IXTAPA,,Ixtapa,2026-11-01,2026-11-03,DBL,2015.0,302.25,1712.75,1798.39,1863.13,1798.39,819(6-12)2x1,"EARLY CHECK IN PARA USO DE INSTALACIONES, NO INCLUYE DESAYUNO(ENTREGAD DE HABITACIONES 15:00 HRS)",PREMIUM,51,BLOQUEOS_COMPARTIR
EMPORIO IXTAPA,,Ixtapa,2026-11-01,2026-11-03,SGL,3223.0,483.45,2739.55,2876.53,2980.09,2876.53,819(6-12)2x1,"EARLY CHECK IN PARA USO DE INSTALACIONES, NO INCLUYE DESAYUNO(ENTREGAD DE HABITACIONES 15:00 HRS)",PREMIUM,82,BLOQUEOS_COMPARTIR
EMPORIO IXTAPA,,Ixtapa,2026-11-01,2026-11-03,TPL,1900.0,285.0,1615.0,1695.75,1756.8,1695.75,819(6-12)2x1,"EARLY CHECK IN PARA USO DE INSTALACIONES, NO INCLUYE DESAYUNO(ENTREGAD DE HABITACIONES 15:00 HRS)",PREMIUM,48,BLOQUEOS_COMPARTIR
FONTAN IXTAPA,,Ixtapa,2026-11-01,2026-11-03,DBL,1743.0,261.45,1481.55,1555.63,1611.63,1555.63,490(6-12)2x1,DESAYUNO AMERICANO A LA LLEGADA,ESTANDAR,30,BLOQUEOS_COMPARTIR
FONTAN IXTAPA,,Ixtapa,2026-11-01,2026-11-03,SGL,3171.0,475.65,2695.35,2830.12,2932.0,2830.12,490(6-12)2x1,DESAYUNO AMERICANO A LA LLEGADA,ESTANDAR,54,BLOQUEOS_COMPARTIR
FONTAN IXTAPA,,Ixtapa,2026-11-01,2026-11-03,TPL,1533.0,229.95,1303.05,1368.2,1417.46,1368.2,490(6-12)2x1,DESAYUNO AMERICANO A LA LLEGADA,ESTANDAR,26,BLOQUEOS_COMPARTIR
Hotel Xcaret Mexico,,Riviera Maya,2026-11-01,2026-11-05,DBL,7660.0,1149.0,6511.0,6836.55,7082.67,6836.55,MNR 6-17 GRATIS,,PREMIUM PLUS,260,BLOQUEOS_CLICK
Hotel Xcaret Mexico,,Riviera Maya,2026-11-01,2026-11-05,SGL,15319.0,2297.85,13021.15,13672.21,14164.41,13672.21,MNR 6-17 GRATIS,,PREMIUM PLUS,521,BLOQUEOS_CLICK
Hotel Xcaret Mexico,,Riviera Maya,2026-11-01,2026-11-05,TPL,7405.0,1110.75,6294.25,6608.96,6846.88,6608.96,MNR 6-17 GRATIS,,PREMIUM PLUS,252,BLOQUEOS_CLICK
QUALTON IXTAPA,,Ixtapa,2026-11-01,2026-11-03,DBL,1599.0,239.85,1359.15,1427.11,1478.49,1427.11,499(6-12)2x1,,PREMIUM,41,BLOQUEOS_COMPARTIR
QUALTON IXTAPA,,Ixtapa,2026-11-01,2026-11-03,SGL,2398.0,359.7,2038.3,2140.22,2217.27,2140.22,499(6-12)2x1,,PREMIUM,61,BLOQUEOS_COMPARTIR
QUALTON IXTAPA,,Ixtapa,2026-11-01,2026-11-03,TPL,1499.0,224.85,1274.15,1337.86,1386.02,1337.86,499(6-12)2x1,,PREMIUM,38,BLOQUEOS_COMPARTIR
Sunscape Dorado Ixtapa,,Ixtapa,2026-11-01,2026-11-03,DBL,2269.0,340.35,1928.65,2025.08,2097.98,2025.08,MNR 3-12: $525,,PREMIUM,58,BLOQUEOS_CLICK
Sunscape Dorado Ixtapa,,Ixtapa,2026-11-01,2026-11-03,SGL,3403.0,510.45,2892.55,3037.18,3146.52,3037.18,MNR 3-12: $525,,PREMIUM,87,BLOQUEOS_CLICK
Sunscape Dorado Ixtapa,,Ixtapa,2026-11-01,2026-11-03,TPL,2118.0,317.7,1800.3,1890.32,1958.37,1890.32,MNR 3-12: $525,,PREMIUM,54,BLOQUEOS_CLICK
AZUL GRAND,,Ixtapa,2026-11-06,2026-11-08,DBL,2999.0,449.85,2549.15,2676.61,2772.97,2676.61,699(7-12) 299(3-6),,LUXURY,102,BLOQUEOS_COMPARTIR
AZUL GRAND,,Ixtapa,2026-11-06,2026-11-08,SGL,4199.0,629.85,3569.15,3747.61,3882.52,3747.61,699(7-12) 299(3-6),,LUXURY,143,BLOQUEOS_COMPARTIR
AZUL GRAND,,Ixtapa,2026-11-06,2026-11-08,TPL,2799.0,419.85,2379.15,2498.11,2588.04,2498.11,699(7-12) 299(3-6),,LUXURY,95,BLOQUEOS_COMPARTIR
AZUL IXTAPA,,Ixtapa,2026-11-06,2026-11-08,DBL,2599.0,389.85,2209.15,2319.61,2403.12,2319.61,599(7-12) 199(3-6),,PREMIUM,66,BLOQUEOS_COMPARTIR
AZUL IXTAPA,,Ixtapa,2026-11-06,2026-11-08,SGL,3649.0,547.35,3101.65,3256.73,3373.97,3256.73,599(7-12) 199(3-6),,PREMIUM,93,BLOQUEOS_COMPARTIR
AZUL IXTAPA,,Ixtapa,2026-11-06,2026-11-08,TPL,2432.0,364.8,2067.2,2170.56,2248.7,2170.56,599(7-12) 199(3-6),,PREMIUM,62,BLOQUEOS_COMPARTIR
Azul Grand Ixtapa,,Ixtapa,2026-11-06,2026-11-08,DBL,2999,449.85,2549.15,2676.61,2772.97,2676.61,3-6: $299 | 7-12: $699,Venta controlada,LUXURY,102,MONARCA_FLYER
Azul Grand Ixtapa,,Ixtapa,2026-11-06,2026-11-08,SGL,4199,629.85,3569.15,3747.61,3882.52,3747.61,3-6: $299 | 7-12: $699,Venta controlada,LUXURY,143,MONARCA_FLYER
Azul Grand Ixtapa,,Ixtapa,2026-11-06,2026-11-08,TPL,2799,419.85,2379.15,2498.11,2588.04,2498.11,3-6: $299 | 7-12: $699,Venta controlada,LUXURY,95,MONARCA_FLYER
Azul Ixtapa,,Ixtapa,2026-11-06,2026-11-08,DBL,2599,389.85,2209.15,2319.61,2403.12,2319.61,3-6: $199 | 7-12: $599,Venta controlada,PREMIUM,66,MONARCA_FLYER
Azul Ixtapa,,Ixtapa,2026-11-06,2026-11-08,SGL,3649,547.35,3101.65,3256.73,3373.97,3256.73,3-6: $199 | 7-12: $599,Venta controlada,PREMIUM,93,MONARCA_FLYER
Azul Ixtapa,,Ixtapa,2026-11-06,2026-11-08,TPL,2433,364.95,2068.05,2171.45,2249.62,2171.45,3-6: $199 | 7-12: $599,Venta controlada,PREMIUM,62,MONARCA_FLYER
BRISAS IXTAPA,,Ixtapa,2026-11-06,2026-11-08,DBL,2719.0,407.85,2311.15,2426.71,2514.07,2426.71,1125(7-12)2x1,,PREMIUM,69,BLOQUEOS_COMPARTIR
BRISAS IXTAPA,,Ixtapa,2026-11-06,2026-11-08,SGL,4313.0,646.95,3666.05,3849.35,3987.93,3849.35,1125(7-12)2x1,,PREMIUM,110,BLOQUEOS_COMPARTIR
BRISAS IXTAPA,,Ixtapa,2026-11-06,2026-11-08,TPL,2404.0,360.6,2043.4,2145.57,2222.81,2145.57,1125(7-12)2x1,,PREMIUM,61,BLOQUEOS_COMPARTIR
EMPORIO IXTAPA / CAMA KING,,Ixtapa,2026-11-06,2026-11-08,DBL,2015.0,302.25,1712.75,1798.39,1863.13,1798.39,819(6-12),,PREMIUM,51,BLOQUEOS_COMPARTIR
EMPORIO IXTAPA / CAMA KING,,Ixtapa,2026-11-06,2026-11-08,SGL,3223.0,483.45,2739.55,2876.53,2980.09,2876.53,819(6-12),,PREMIUM,82,BLOQUEOS_COMPARTIR
FONTAN IXTAPA,,Ixtapa,2026-11-06,2026-11-08,DBL,1875.0,281.25,1593.75,1673.44,1733.68,1673.44,490(6-12)2x1,DESAYUNO AMERICANO A LA LLEGADA,ESTANDAR,32,BLOQUEOS_COMPARTIR
FONTAN IXTAPA,,Ixtapa,2026-11-06,2026-11-08,SGL,3345.0,501.75,2843.25,2985.41,3092.88,2985.41,490(6-12)2x1,DESAYUNO AMERICANO A LA LLEGADA,ESTANDAR,57,BLOQUEOS_COMPARTIR
FONTAN IXTAPA,,Ixtapa,2026-11-06,2026-11-08,TPL,1730.0,259.5,1470.5,1544.03,1599.62,1544.03,490(6-12)2x1,DESAYUNO AMERICANO A LA LLEGADA,ESTANDAR,29,BLOQUEOS_COMPARTIR
HOLIDAY INN IXTAPA,,Ixtapa,2026-11-06,2026-11-08,DBL,2531.0,379.65,2151.35,2258.92,2340.24,2258.92,GRATIS(0-12),APLICA EARLY CHECK INN,PREMIUM,65,BLOQUEOS_COMPARTIR
HOLIDAY INN IXTAPA,,Ixtapa,2026-11-06,2026-11-08,SGL,5063.0,759.45,4303.55,4518.73,4681.4,4518.73,GRATIS(0-12),APLICA EARLY CHECK INN,PREMIUM,129,BLOQUEOS_COMPARTIR
HOLIDAY INN IXTAPA,,Ixtapa,2026-11-06,2026-11-08,TPL,2531.0,379.65,2151.35,2258.92,2340.24,2258.92,GRATIS(0-12),APLICA EARLY CHECK INN,PREMIUM,65,BLOQUEOS_COMPARTIR
Holiday Inn Resort Ixtapa,,Ixtapa,2026-11-06,2026-11-08,DBL,2532,379.8,2152.2,2259.81,2341.16,2259.81,GRATIS (0-12 años),Early check in + Menores Gratis 0-12,PREMIUM,65,MONARCA_FLYER
Holiday Inn Resort Ixtapa,,Ixtapa,2026-11-06,2026-11-08,SGL,5062.5,759.38,4303.12,4518.28,4680.94,4518.28,GRATIS (0-12 años),Early check in + Menores Gratis 0-12,PREMIUM,129,MONARCA_FLYER
Holiday Inn Resort Ixtapa,,Ixtapa,2026-11-06,2026-11-08,TPL,2532,379.8,2152.2,2259.81,2341.16,2259.81,GRATIS (0-12 años),Early check in + Menores Gratis 0-12,PREMIUM,65,MONARCA_FLYER
EMPORIO IXTAPA,,Ixtapa,2026-11-08,2026-11-10,DBL,2015.0,302.25,1712.75,1798.39,1863.13,1798.39,819(6-12)2x1,"EARLY CHECK IN PARA USO DE INSTALACIONES, NO INCLUYE DESAYUNO(ENTREGAD DE HABITACIONES 15:00 HRS)",PREMIUM,51,BLOQUEOS_COMPARTIR
EMPORIO IXTAPA,,Ixtapa,2026-11-08,2026-11-10,SGL,3223.0,483.45,2739.55,2876.53,2980.09,2876.53,819(6-12)2x1,"EARLY CHECK IN PARA USO DE INSTALACIONES, NO INCLUYE DESAYUNO(ENTREGAD DE HABITACIONES 15:00 HRS)",PREMIUM,82,BLOQUEOS_COMPARTIR
EMPORIO IXTAPA,,Ixtapa,2026-11-08,2026-11-10,TPL,1900.0,285.0,1615.0,1695.75,1756.8,1695.75,819(6-12)2x1,"EARLY CHECK IN PARA USO DE INSTALACIONES, NO INCLUYE DESAYUNO(ENTREGAD DE HABITACIONES 15:00 HRS)",PREMIUM,48,BLOQUEOS_COMPARTIR
SUNSCAPE IXTAPA,,Ixtapa,2026-11-08,2026-11-10,DBL,2538.0,380.7,2157.3,2265.17,2346.72,2265.17,263(3-12),VISTA AL MAR,PREMIUM,65,BLOQUEOS_COMPARTIR
SUNSCAPE IXTAPA,,Ixtapa,2026-11-08,2026-11-10,SGL,3806.0,570.9,3235.1,3396.86,3519.15,3396.86,263(3-12),VISTA AL MAR,PREMIUM,97,BLOQUEOS_COMPARTIR
SUNSCAPE IXTAPA,,Ixtapa,2026-11-08,2026-11-10,TPL,2368.0,355.2,2012.8,2113.44,2189.52,2113.44,263(3-12),VISTA AL MAR,PREMIUM,60,BLOQUEOS_COMPARTIR
AZUL GRAND,,Ixtapa,2026-11-13,2026-11-15,DBL,3299.0,494.85,2804.15,2944.36,3050.36,2944.36,699(7-12) 299(3-6),,LUXURY,112,BLOQUEOS_COMPARTIR
AZUL GRAND,,Ixtapa,2026-11-13,2026-11-15,SGL,4599.0,689.85,3909.15,4104.61,4252.38,4104.61,699(7-12) 299(3-6),,LUXURY,156,BLOQUEOS_COMPARTIR
AZUL GRAND,,Ixtapa,2026-11-13,2026-11-15,TPL,3082.0,462.3,2619.7,2750.68,2849.7,2750.68,699(7-12) 299(3-6),,LUXURY,105,BLOQUEOS_COMPARTIR
AZUL IXTAPA,,Ixtapa,2026-11-13,2026-11-15,DBL,2899.0,434.85,2464.15,2587.36,2680.5,2587.36,599(7-12) 199(3-6),,PREMIUM,74,BLOQUEOS_COMPARTIR
AZUL IXTAPA,,Ixtapa,2026-11-13,2026-11-15,SGL,4049.0,607.35,3441.65,3613.73,3743.82,3613.73,599(7-12) 199(3-6),,PREMIUM,103,BLOQUEOS_COMPARTIR
AZUL IXTAPA,,Ixtapa,2026-11-13,2026-11-15,TPL,2699.0,404.85,2294.15,2408.86,2495.58,2408.86,599(7-12) 199(3-6),,PREMIUM,69,BLOQUEOS_COMPARTIR
Azul Ixtapa Grand,,Ixtapa,2026-11-13,2026-11-16,DBL,3299.0,494.85,2804.15,2944.36,3050.36,2944.36,MNR 3-6: $299 / 7-12: $699,,LUXURY,112,BLOQUEOS_CLICK
Azul Ixtapa Grand,,Ixtapa,2026-11-13,2026-11-16,SGL,4599.0,689.85,3909.15,4104.61,4252.38,4104.61,MNR 3-6: $299 / 7-12: $699,,LUXURY,156,BLOQUEOS_CLICK
Azul Ixtapa Grand,,Ixtapa,2026-11-13,2026-11-16,TPL,3086.0,462.9,2623.1,2754.26,2853.41,2754.26,MNR 3-6: $299 / 7-12: $699,,LUXURY,105,BLOQUEOS_CLICK
BRISAS IXTAPA,,Ixtapa,2026-11-13,2026-11-15,DBL,2719.0,407.85,2311.15,2426.71,2514.07,2426.71,1125(7-12)2x1,,PREMIUM,69,BLOQUEOS_COMPARTIR
BRISAS IXTAPA,,Ixtapa,2026-11-13,2026-11-15,SGL,4313.0,646.95,3666.05,3849.35,3987.93,3849.35,1125(7-12)2x1,,PREMIUM,110,BLOQUEOS_COMPARTIR
BRISAS IXTAPA,,Ixtapa,2026-11-13,2026-11-15,TPL,2404.0,360.6,2043.4,2145.57,2222.81,2145.57,1125(7-12)2x1,,PREMIUM,61,BLOQUEOS_COMPARTIR
EMPORIO IXTAPA,,Ixtapa,2026-11-13,2026-11-16,DBL,2233.0,334.95,1898.05,1992.95,2064.7,1992.95,819(6-12),,PREMIUM,57,BLOQUEOS_COMPARTIR
EMPORIO IXTAPA,,Ixtapa,2026-11-13,2026-11-16,SGL,3572.0,535.8,3036.2,3188.01,3302.78,3188.01,819(6-12),,PREMIUM,91,BLOQUEOS_COMPARTIR
EMPORIO IXTAPA,,Ixtapa,2026-11-13,2026-11-16,TPL,2045.0,306.75,1738.25,1825.16,1890.87,1825.16,819(6-12),,PREMIUM,52,BLOQUEOS_COMPARTIR
EMPORIO IXTAPA / CAMA KING,,Ixtapa,2026-11-13,2026-11-16,DBL,2233.0,334.95,1898.05,1992.95,2064.7,1992.95,819(6-12),,PREMIUM,57,BLOQUEOS_COMPARTIR
EMPORIO IXTAPA / CAMA KING,,Ixtapa,2026-11-13,2026-11-16,SGL,3572.0,535.8,3036.2,3188.01,3302.78,3188.01,819(6-12),,PREMIUM,91,BLOQUEOS_COMPARTIR
EMPORIO IXTAPA / VISTA AL MAR,,Ixtapa,2026-11-13,2026-11-16,DBL,2443.0,366.45,2076.55,2180.38,2258.87,2180.38,819(6-12),,PREMIUM,62,BLOQUEOS_COMPARTIR
EMPORIO IXTAPA / VISTA AL MAR,,Ixtapa,2026-11-13,2026-11-16,SGL,3992.0,598.8,3393.2,3562.86,3691.12,3562.86,819(6-12),,PREMIUM,102,BLOQUEOS_COMPARTIR
EMPORIO IXTAPA / VISTA AL MAR,,Ixtapa,2026-11-13,2026-11-16,TPL,2185.0,327.75,1857.25,1950.11,2020.31,1950.11,819(6-12),,PREMIUM,56,BLOQUEOS_COMPARTIR
FONTAN IXTAPA,,Ixtapa,2026-11-13,2026-11-15,DBL,1905.0,285.75,1619.25,1700.21,1761.42,1700.21,490(6-12)2x1,DESAYUNO AMERICANO A LA LLEGADA,ESTANDAR,32,BLOQUEOS_COMPARTIR
FONTAN IXTAPA,,Ixtapa,2026-11-13,2026-11-15,SGL,3495.0,524.25,2970.75,3119.29,3231.58,3119.29,490(6-12)2x1,DESAYUNO AMERICANO A LA LLEGADA,ESTANDAR,59,BLOQUEOS_COMPARTIR
FONTAN IXTAPA,,Ixtapa,2026-11-13,2026-11-15,TPL,1695.0,254.25,1440.75,1512.79,1567.25,1512.79,490(6-12)2x1,DESAYUNO AMERICANO A LA LLEGADA,ESTANDAR,29,BLOQUEOS_COMPARTIR
QUALTON IXTAPA,,Ixtapa,2026-11-13,2026-11-15,DBL,1999.0,299.85,1699.15,1784.11,1848.34,1784.11,599(6-12)2x1,,PREMIUM,51,BLOQUEOS_COMPARTIR
QUALTON IXTAPA,,Ixtapa,2026-11-13,2026-11-15,SGL,3198.0,479.7,2718.3,2854.22,2956.97,2854.22,599(6-12)2x1,,PREMIUM,82,BLOQUEOS_COMPARTIR
QUALTON IXTAPA,,Ixtapa,2026-11-13,2026-11-15,TPL,1899.0,284.85,1614.15,1694.86,1755.87,1694.86,599(6-12)2x1,,PREMIUM,48,BLOQUEOS_COMPARTIR
BRISAS IXTAPA,,Ixtapa,2026-11-15,2026-11-17,DBL,2500.0,375.0,2125.0,2231.25,2311.58,2231.25,GRATIS(7-12),,PREMIUM,64,BLOQUEOS_COMPARTIR
BRISAS IXTAPA,,Ixtapa,2026-11-15,2026-11-17,SGL,3875.0,581.25,3293.75,3458.44,3582.94,3458.44,GRATIS(7-12),,PREMIUM,99,BLOQUEOS_COMPARTIR
BRISAS IXTAPA,,Ixtapa,2026-11-15,2026-11-17,TPL,2258.0,338.7,1919.3,2015.27,2087.82,2015.27,GRATIS(7-12),,PREMIUM,58,BLOQUEOS_COMPARTIR
FONTAN IXTAPA,,Ixtapa,2026-11-15,2026-11-17,DBL,2137.0,320.55,1816.45,1907.27,1975.93,1907.27,490(6-12)2x1,DESAYUNO AMERICANO A LA LLEGADA,ESTANDAR,36,BLOQUEOS_COMPARTIR
FONTAN IXTAPA,,Ixtapa,2026-11-15,2026-11-17,SGL,3473.0,520.95,2952.05,3099.65,3211.24,3099.65,490(6-12)2x1,DESAYUNO AMERICANO A LA LLEGADA,ESTANDAR,59,BLOQUEOS_COMPARTIR
FONTAN IXTAPA,,Ixtapa,2026-11-15,2026-11-17,TPL,2058.0,308.7,1749.3,1836.77,1902.89,1836.77,490(6-12)2x1,DESAYUNO AMERICANO A LA LLEGADA,ESTANDAR,35,BLOQUEOS_COMPARTIR
EMPORIO IXTAPA,,Ixtapa,2026-11-19,2026-11-22,DBL,2233.0,334.95,1898.05,1992.95,2064.7,1992.95,819(6-12),,PREMIUM,57,BLOQUEOS_COMPARTIR
EMPORIO IXTAPA,,Ixtapa,2026-11-19,2026-11-22,SGL,3572.0,535.8,3036.2,3188.01,3302.78,3188.01,819(6-12),,PREMIUM,91,BLOQUEOS_COMPARTIR
EMPORIO IXTAPA,,Ixtapa,2026-11-19,2026-11-22,TPL,2045.0,306.75,1738.25,1825.16,1890.87,1825.16,819(6-12),,PREMIUM,52,BLOQUEOS_COMPARTIR
EMPORIO IXTAPA / CAMA KING,,Ixtapa,2026-11-19,2026-11-22,DBL,2233.0,334.95,1898.05,1992.95,2064.7,1992.95,819(6-12),,PREMIUM,57,BLOQUEOS_COMPARTIR
EMPORIO IXTAPA / CAMA KING,,Ixtapa,2026-11-19,2026-11-22,SGL,3572.0,535.8,3036.2,3188.01,3302.78,3188.01,819(6-12),,PREMIUM,91,BLOQUEOS_COMPARTIR
EMPORIO IXTAPA / VISTA AL MAR,,Ixtapa,2026-11-19,2026-11-22,DBL,2443.0,366.45,2076.55,2180.38,2258.87,2180.38,819(6-12),,PREMIUM,62,BLOQUEOS_COMPARTIR
EMPORIO IXTAPA / VISTA AL MAR,,Ixtapa,2026-11-19,2026-11-22,SGL,3992.0,598.8,3393.2,3562.86,3691.12,3562.86,819(6-12),,PREMIUM,102,BLOQUEOS_COMPARTIR
EMPORIO IXTAPA / VISTA AL MAR,,Ixtapa,2026-11-19,2026-11-22,TPL,2185.0,327.75,1857.25,1950.11,2020.31,1950.11,819(6-12),,PREMIUM,56,BLOQUEOS_COMPARTIR
AZUL GRAND,,Ixtapa,2026-11-20,2026-11-22,DBL,2999.0,449.85,2549.15,2676.61,2772.97,2676.61,699(7-12) 299(3-6),,LUXURY,102,BLOQUEOS_COMPARTIR
AZUL GRAND,,Ixtapa,2026-11-20,2026-11-22,SGL,4199.0,629.85,3569.15,3747.61,3882.52,3747.61,699(7-12) 299(3-6),,LUXURY,143,BLOQUEOS_COMPARTIR
AZUL GRAND,,Ixtapa,2026-11-20,2026-11-22,TPL,2799.0,419.85,2379.15,2498.11,2588.04,2498.11,699(7-12) 299(3-6),,LUXURY,95,BLOQUEOS_COMPARTIR
AZUL IXTAPA,,Ixtapa,2026-11-20,2026-11-22,DBL,2599.0,389.85,2209.15,2319.61,2403.12,2319.61,599(7-12) 199(3-6),,PREMIUM,66,BLOQUEOS_COMPARTIR
AZUL IXTAPA,,Ixtapa,2026-11-20,2026-11-22,SGL,3649.0,547.35,3101.65,3256.73,3373.97,3256.73,599(7-12) 199(3-6),,PREMIUM,93,BLOQUEOS_COMPARTIR
AZUL IXTAPA,,Ixtapa,2026-11-20,2026-11-22,TPL,2432.0,364.8,2067.2,2170.56,2248.7,2170.56,599(7-12) 199(3-6),,PREMIUM,62,BLOQUEOS_COMPARTIR
Azul Grand Ixtapa,,Ixtapa,2026-11-20,2026-11-22,DBL,2999,449.85,2549.15,2676.61,2772.97,2676.61,3-6: $299 | 7-12: $699,Venta controlada,LUXURY,102,MONARCA_FLYER
Azul Grand Ixtapa,,Ixtapa,2026-11-20,2026-11-22,SGL,4199,629.85,3569.15,3747.61,3882.52,3747.61,3-6: $299 | 7-12: $699,Venta controlada,LUXURY,143,MONARCA_FLYER
Azul Grand Ixtapa,,Ixtapa,2026-11-20,2026-11-22,TPL,2799,419.85,2379.15,2498.11,2588.04,2498.11,3-6: $299 | 7-12: $699,Venta controlada,LUXURY,95,MONARCA_FLYER
Azul Ixtapa,,Ixtapa,2026-11-20,2026-11-22,DBL,2599,389.85,2209.15,2319.61,2403.12,2319.61,3-6: $199 | 7-12: $599,Venta controlada,PREMIUM,66,MONARCA_FLYER
Azul Ixtapa,,Ixtapa,2026-11-20,2026-11-22,SGL,3649,547.35,3101.65,3256.73,3373.97,3256.73,3-6: $199 | 7-12: $599,Venta controlada,PREMIUM,93,MONARCA_FLYER
Azul Ixtapa,,Ixtapa,2026-11-20,2026-11-22,TPL,2433,364.95,2068.05,2171.45,2249.62,2171.45,3-6: $199 | 7-12: $599,Venta controlada,PREMIUM,62,MONARCA_FLYER
BRISAS IXTAPA,,Ixtapa,2026-11-20,2026-11-22,DBL,2719.0,407.85,2311.15,2426.71,2514.07,2426.71,1125(7-12)2x1,,PREMIUM,69,BLOQUEOS_COMPARTIR
BRISAS IXTAPA,,Ixtapa,2026-11-20,2026-11-22,SGL,4313.0,646.95,3666.05,3849.35,3987.93,3849.35,1125(7-12)2x1,,PREMIUM,110,BLOQUEOS_COMPARTIR
BRISAS IXTAPA,,Ixtapa,2026-11-20,2026-11-22,TPL,2404.0,360.6,2043.4,2145.57,2222.81,2145.57,1125(7-12)2x1,,PREMIUM,61,BLOQUEOS_COMPARTIR
FONTAN IXTAPA,,Ixtapa,2026-11-20,2026-11-22,DBL,1875.0,281.25,1593.75,1673.44,1733.68,1673.44,490(6-12)2x1,DESAYUNO AMERICANO A LA LLEGADA,ESTANDAR,32,BLOQUEOS_COMPARTIR
FONTAN IXTAPA,,Ixtapa,2026-11-20,2026-11-22,SGL,3345.0,501.75,2843.25,2985.41,3092.88,2985.41,490(6-12)2x1,DESAYUNO AMERICANO A LA LLEGADA,ESTANDAR,57,BLOQUEOS_COMPARTIR
FONTAN IXTAPA,,Ixtapa,2026-11-20,2026-11-22,TPL,1730.0,259.5,1470.5,1544.03,1599.62,1544.03,490(6-12)2x1,DESAYUNO AMERICANO A LA LLEGADA,ESTANDAR,29,BLOQUEOS_COMPARTIR
HOLIDAY INN IXTAPA,,Ixtapa,2026-11-20,2026-11-22,DBL,2531.0,379.65,2151.35,2258.92,2340.24,2258.92,GRATIS(0-12),APLICA EARLY CHECK INN,PREMIUM,65,BLOQUEOS_COMPARTIR
HOLIDAY INN IXTAPA,,Ixtapa,2026-11-20,2026-11-22,SGL,5063.0,759.45,4303.55,4518.73,4681.4,4518.73,GRATIS(0-12),APLICA EARLY CHECK INN,PREMIUM,129,BLOQUEOS_COMPARTIR
HOLIDAY INN IXTAPA,,Ixtapa,2026-11-20,2026-11-22,TPL,2531.0,379.65,2151.35,2258.92,2340.24,2258.92,GRATIS(0-12),APLICA EARLY CHECK INN,PREMIUM,65,BLOQUEOS_COMPARTIR
AZUL GRAND,,Ixtapa,2026-11-22,2026-11-24,DBL,2999.0,449.85,2549.15,2676.61,2772.97,2676.61,GRATIS(0-12),DESAYUNO A LA LLEGADA,LUXURY,102,BLOQUEOS_COMPARTIR
AZUL GRAND,,Ixtapa,2026-11-22,2026-11-24,SGL,4199.0,629.85,3569.15,3747.61,3882.52,3747.61,GRATIS(0-12),DESAYUNO A LA LLEGADA,LUXURY,143,BLOQUEOS_COMPARTIR
AZUL GRAND,,Ixtapa,2026-11-22,2026-11-24,TPL,2799.0,419.85,2379.15,2498.11,2588.04,2498.11,GRATIS(0-12),DESAYUNO A LA LLEGADA,LUXURY,95,BLOQUEOS_COMPARTIR
FONTAN IXTAPA,,Ixtapa,2026-11-22,2026-11-24,DBL,1743.0,261.45,1481.55,1555.63,1611.63,1555.63,490(6-12)2x1,DESAYUNO AMERICANO A LA LLEGADA,ESTANDAR,30,BLOQUEOS_COMPARTIR
FONTAN IXTAPA,,Ixtapa,2026-11-22,2026-11-24,SGL,2731.0,409.65,2321.35,2437.42,2525.17,2437.42,490(6-12)2x1,DESAYUNO AMERICANO A LA LLEGADA,ESTANDAR,46,BLOQUEOS_COMPARTIR
FONTAN IXTAPA,,Ixtapa,2026-11-22,2026-11-24,TPL,1665.0,249.75,1415.25,1486.01,1539.51,1486.01,490(6-12)2x1,DESAYUNO AMERICANO A LA LLEGADA,ESTANDAR,28,BLOQUEOS_COMPARTIR
QUALTON IXTAPA,,Ixtapa,2026-11-22,2026-11-24,DBL,1699.0,254.85,1444.15,1516.36,1570.95,1516.36,499(6-12)2x1,,PREMIUM,43,BLOQUEOS_COMPARTIR
QUALTON IXTAPA,,Ixtapa,2026-11-22,2026-11-24,SGL,2598.0,389.7,2208.3,2318.72,2402.19,2318.72,499(6-12)2x1,,PREMIUM,66,BLOQUEOS_COMPARTIR
QUALTON IXTAPA,,Ixtapa,2026-11-22,2026-11-24,TPL,1599.0,239.85,1359.15,1427.11,1478.49,1427.11,499(6-12)2x1,,PREMIUM,41,BLOQUEOS_COMPARTIR
SUNSCAPE IXTAPA,,Ixtapa,2026-11-22,2026-11-24,DBL,2538.0,380.7,2157.3,2265.17,2346.72,2265.17,263(3-12),VISTA AL MAR,PREMIUM,65,BLOQUEOS_COMPARTIR
SUNSCAPE IXTAPA,,Ixtapa,2026-11-22,2026-11-24,SGL,3806.0,570.9,3235.1,3396.86,3519.15,3396.86,263(3-12),VISTA AL MAR,PREMIUM,97,BLOQUEOS_COMPARTIR
SUNSCAPE IXTAPA,,Ixtapa,2026-11-22,2026-11-24,TPL,2368.0,355.2,2012.8,2113.44,2189.52,2113.44,263(3-12),VISTA AL MAR,PREMIUM,60,BLOQUEOS_COMPARTIR
AZUL GRAND,,Ixtapa,2026-11-27,2026-11-29,DBL,2999.0,449.85,2549.15,2676.61,2772.97,2676.61,699(7-12) 299(3-6),,LUXURY,102,BLOQUEOS_COMPARTIR
AZUL GRAND,,Ixtapa,2026-11-27,2026-11-29,SGL,4199.0,629.85,3569.15,3747.61,3882.52,3747.61,699(7-12) 299(3-6),,LUXURY,143,BLOQUEOS_COMPARTIR
AZUL GRAND,,Ixtapa,2026-11-27,2026-11-29,TPL,2799.0,419.85,2379.15,2498.11,2588.04,2498.11,699(7-12) 299(3-6),,LUXURY,95,BLOQUEOS_COMPARTIR
Azul Grand Ixtapa,,Ixtapa,2026-11-27,2026-11-29,DBL,2999,449.85,2549.15,2676.61,2772.97,2676.61,3-6: $299 | 7-12: $699,Venta controlada,LUXURY,102,MONARCA_FLYER
Azul Grand Ixtapa,,Ixtapa,2026-11-27,2026-11-29,SGL,4199,629.85,3569.15,3747.61,3882.52,3747.61,3-6: $299 | 7-12: $699,Venta controlada,LUXURY,143,MONARCA_FLYER
Azul Grand Ixtapa,,Ixtapa,2026-11-27,2026-11-29,TPL,2799,419.85,2379.15,2498.11,2588.04,2498.11,3-6: $299 | 7-12: $699,Venta controlada,LUXURY,95,MONARCA_FLYER
Azul Ixtapa,,Ixtapa,2026-11-27,2026-11-29,DBL,2599,389.85,2209.15,2319.61,2403.12,2319.61,3-6: $199 | 7-12: $599,Venta controlada,PREMIUM,66,MONARCA_FLYER
Azul Ixtapa,,Ixtapa,2026-11-27,2026-11-29,SGL,3649,547.35,3101.65,3256.73,3373.97,3256.73,3-6: $199 | 7-12: $599,Venta controlada,PREMIUM,93,MONARCA_FLYER
Azul Ixtapa,,Ixtapa,2026-11-27,2026-11-29,TPL,2433,364.95,2068.05,2171.45,2249.62,2171.45,3-6: $199 | 7-12: $599,Venta controlada,PREMIUM,62,MONARCA_FLYER
BRISAS IXTAPA,,Ixtapa,2026-11-27,2026-11-29,DBL,2719.0,407.85,2311.15,2426.71,2514.07,2426.71,1125(7-12)2x1,,PREMIUM,69,BLOQUEOS_COMPARTIR
BRISAS IXTAPA,,Ixtapa,2026-11-27,2026-11-29,SGL,4313.0,646.95,3666.05,3849.35,3987.93,3849.35,1125(7-12)2x1,,PREMIUM,110,BLOQUEOS_COMPARTIR
BRISAS IXTAPA,,Ixtapa,2026-11-27,2026-11-29,TPL,2404.0,360.6,2043.4,2145.57,2222.81,2145.57,1125(7-12)2x1,,PREMIUM,61,BLOQUEOS_COMPARTIR
EMPORIO IXTAPA / CAMA KING,,Ixtapa,2026-11-27,2026-11-29,DBL,2015.0,302.25,1712.75,1798.39,1863.13,1798.39,819(6-12),,PREMIUM,51,BLOQUEOS_COMPARTIR
EMPORIO IXTAPA / CAMA KING,,Ixtapa,2026-11-27,2026-11-29,SGL,3223.0,483.45,2739.55,2876.53,2980.09,2876.53,819(6-12),,PREMIUM,82,BLOQUEOS_COMPARTIR
EMPORIO IXTAPA / CAMA KING,,Ixtapa,2026-11-27,2026-11-29,TPL,1900.0,285.0,1615.0,1695.75,1756.8,1695.75,819(6-12),,PREMIUM,48,BLOQUEOS_COMPARTIR
FONTAN IXTAPA,,Ixtapa,2026-11-27,2026-11-29,DBL,1875.0,281.25,1593.75,1673.44,1733.68,1673.44,490(6-12)2x1,DESAYUNO AMERICANO A LA LLEGADA,ESTANDAR,32,BLOQUEOS_COMPARTIR
FONTAN IXTAPA,,Ixtapa,2026-11-27,2026-11-29,SGL,3345.0,501.75,2843.25,2985.41,3092.88,2985.41,490(6-12)2x1,DESAYUNO AMERICANO A LA LLEGADA,ESTANDAR,57,BLOQUEOS_COMPARTIR
FONTAN IXTAPA,,Ixtapa,2026-11-27,2026-11-29,TPL,1730.0,259.5,1470.5,1544.03,1599.62,1544.03,490(6-12)2x1,DESAYUNO AMERICANO A LA LLEGADA,ESTANDAR,29,BLOQUEOS_COMPARTIR
QUALTON IXTAPA,,Ixtapa,2026-11-27,2026-11-29,DBL,1999.0,299.85,1699.15,1784.11,1848.34,1784.11,599(6-12)2x1,,PREMIUM,51,BLOQUEOS_COMPARTIR
QUALTON IXTAPA,,Ixtapa,2026-11-27,2026-11-29,SGL,3198.0,479.7,2718.3,2854.22,2956.97,2854.22,599(6-12)2x1,,PREMIUM,82,BLOQUEOS_COMPARTIR
QUALTON IXTAPA,,Ixtapa,2026-11-27,2026-11-29,TPL,1899.0,284.85,1614.15,1694.86,1755.87,1694.86,599(6-12)2x1,,PREMIUM,48,BLOQUEOS_COMPARTIR
BRISAS IXTAPA,,Ixtapa,2026-11-29,2026-12-01,DBL,2500.0,375.0,2125.0,2231.25,2311.58,2231.25,GRATIS(7-12),,PREMIUM,64,BLOQUEOS_COMPARTIR
BRISAS IXTAPA,,Ixtapa,2026-11-29,2026-12-01,SGL,3875.0,581.25,3293.75,3458.44,3582.94,3458.44,GRATIS(7-12),,PREMIUM,99,BLOQUEOS_COMPARTIR
BRISAS IXTAPA,,Ixtapa,2026-11-29,2026-12-01,TPL,2258.0,338.7,1919.3,2015.27,2087.82,2015.27,GRATIS(7-12),,PREMIUM,58,BLOQUEOS_COMPARTIR
EMPORIO IXTAPA,,Ixtapa,2026-11-29,2026-12-01,DBL,2015.0,302.25,1712.75,1798.39,1863.13,1798.39,819(6-12)2x1,"EARLY CHECK IN PARA USO DE INSTALACIONES, NO INCLUYE DESAYUNO(ENTREGAD DE HABITACIONES 15:00 HRS)",PREMIUM,51,BLOQUEOS_COMPARTIR
EMPORIO IXTAPA,,Ixtapa,2026-11-29,2026-12-01,SGL,3223.0,483.45,2739.55,2876.53,2980.09,2876.53,819(6-12)2x1,"EARLY CHECK IN PARA USO DE INSTALACIONES, NO INCLUYE DESAYUNO(ENTREGAD DE HABITACIONES 15:00 HRS)",PREMIUM,82,BLOQUEOS_COMPARTIR
EMPORIO IXTAPA,,Ixtapa,2026-11-29,2026-12-01,TPL,1900.0,285.0,1615.0,1695.75,1756.8,1695.75,819(6-12)2x1,"EARLY CHECK IN PARA USO DE INSTALACIONES, NO INCLUYE DESAYUNO(ENTREGAD DE HABITACIONES 15:00 HRS)",PREMIUM,48,BLOQUEOS_COMPARTIR
Sunscape Puerto Vallarta,,Puerto Vallarta,2026-12-03,2026-12-06,DBL,1949.0,292.35,1656.65,1739.48,1802.1,1739.48,MNR 3-12: $649,,PREMIUM,50,BLOQUEOS_CLICK
Sunscape Puerto Vallarta,,Puerto Vallarta,2026-12-03,2026-12-06,SGL,3499.0,524.85,2974.15,3122.86,3235.28,3122.86,MNR 3-12: $649,,PREMIUM,89,BLOQUEOS_CLICK
Sunscape Puerto Vallarta,,Puerto Vallarta,2026-12-03,2026-12-06,TPL,1899.0,284.85,1614.15,1694.86,1755.87,1694.86,MNR 3-12: $649,,PREMIUM,48,BLOQUEOS_CLICK
AZUL GRAND,,Ixtapa,2026-12-04,2026-12-06,DBL,2999.0,449.85,2549.15,2676.61,2772.97,2676.61,699(7-12) 299(3-6),,LUXURY,102,BLOQUEOS_COMPARTIR
AZUL GRAND,,Ixtapa,2026-12-04,2026-12-06,SGL,4199.0,629.85,3569.15,3747.61,3882.52,3747.61,699(7-12) 299(3-6),,LUXURY,143,BLOQUEOS_COMPARTIR
AZUL GRAND,,Ixtapa,2026-12-04,2026-12-06,TPL,2799.0,419.85,2379.15,2498.11,2588.04,2498.11,699(7-12) 299(3-6),,LUXURY,95,BLOQUEOS_COMPARTIR
AZUL IXTAPA,,Ixtapa,2026-12-04,2026-12-06,DBL,2599.0,389.85,2209.15,2319.61,2403.12,2319.61,599(7-12) 199(3-6),,PREMIUM,66,BLOQUEOS_COMPARTIR
AZUL IXTAPA,,Ixtapa,2026-12-04,2026-12-06,SGL,3649.0,547.35,3101.65,3256.73,3373.97,3256.73,599(7-12) 199(3-6),,PREMIUM,93,BLOQUEOS_COMPARTIR
AZUL IXTAPA,,Ixtapa,2026-12-04,2026-12-06,TPL,2432.0,364.8,2067.2,2170.56,2248.7,2170.56,599(7-12) 199(3-6),,PREMIUM,62,BLOQUEOS_COMPARTIR
Azul Grand Ixtapa,,Ixtapa,2026-12-04,2026-12-06,DBL,2999,449.85,2549.15,2676.61,2772.97,2676.61,3-6: $299 | 7-12: $699,Venta controlada,LUXURY,102,MONARCA_FLYER
Azul Grand Ixtapa,,Ixtapa,2026-12-04,2026-12-06,SGL,4199,629.85,3569.15,3747.61,3882.52,3747.61,3-6: $299 | 7-12: $699,Venta controlada,LUXURY,143,MONARCA_FLYER
Azul Grand Ixtapa,,Ixtapa,2026-12-04,2026-12-06,TPL,2799,419.85,2379.15,2498.11,2588.04,2498.11,3-6: $299 | 7-12: $699,Venta controlada,LUXURY,95,MONARCA_FLYER
BRISAS IXTAPA,,Ixtapa,2026-12-04,2026-12-06,DBL,2719.0,407.85,2311.15,2426.71,2514.07,2426.71,1125(7-12)2x1,,PREMIUM,69,BLOQUEOS_COMPARTIR
BRISAS IXTAPA,,Ixtapa,2026-12-04,2026-12-06,SGL,4313.0,646.95,3666.05,3849.35,3987.93,3849.35,1125(7-12)2x1,,PREMIUM,110,BLOQUEOS_COMPARTIR
BRISAS IXTAPA,,Ixtapa,2026-12-04,2026-12-06,TPL,2404.0,360.6,2043.4,2145.57,2222.81,2145.57,1125(7-12)2x1,,PREMIUM,61,BLOQUEOS_COMPARTIR
EMPORIO IXTAPA / CAMA KING,,Ixtapa,2026-12-04,2026-12-06,DBL,2015.0,302.25,1712.75,1798.39,1863.13,1798.39,819(6-12),,PREMIUM,51,BLOQUEOS_COMPARTIR
EMPORIO IXTAPA / CAMA KING,,Ixtapa,2026-12-04,2026-12-06,SGL,3223.0,483.45,2739.55,2876.53,2980.09,2876.53,819(6-12),,PREMIUM,82,BLOQUEOS_COMPARTIR
FONTAN IXTAPA,,Ixtapa,2026-12-04,2026-12-06,DBL,1875.0,281.25,1593.75,1673.44,1733.68,1673.44,490(6-12)2x1,DESAYUNO AMERICANO A LA LLEGADA,ESTANDAR,32,BLOQUEOS_COMPARTIR
FONTAN IXTAPA,,Ixtapa,2026-12-04,2026-12-06,SGL,3435.0,515.25,2919.75,3065.74,3176.11,3065.74,490(6-12)2x1,DESAYUNO AMERICANO A LA LLEGADA,ESTANDAR,58,BLOQUEOS_COMPARTIR
FONTAN IXTAPA,,Ixtapa,2026-12-04,2026-12-06,TPL,1730.0,259.5,1470.5,1544.03,1599.62,1544.03,490(6-12)2x1,DESAYUNO AMERICANO A LA LLEGADA,ESTANDAR,29,BLOQUEOS_COMPARTIR
Holiday Inn Resort Ixtapa,,Ixtapa,2026-12-04,2026-12-06,DBL,2532,379.8,2152.2,2259.81,2341.16,2259.81,GRATIS (0-12 años),Early check in + Menores Gratis 0-12,PREMIUM,65,MONARCA_FLYER
Holiday Inn Resort Ixtapa,,Ixtapa,2026-12-04,2026-12-06,SGL,5062.5,759.38,4303.12,4518.28,4680.94,4518.28,GRATIS (0-12 años),Early check in + Menores Gratis 0-12,PREMIUM,129,MONARCA_FLYER
Holiday Inn Resort Ixtapa,,Ixtapa,2026-12-04,2026-12-06,TPL,2532,379.8,2152.2,2259.81,2341.16,2259.81,GRATIS (0-12 años),Early check in + Menores Gratis 0-12,PREMIUM,65,MONARCA_FLYER
QUALTON IXTAPA,,Ixtapa,2026-12-04,2026-12-06,DBL,1999.0,299.85,1699.15,1784.11,1848.34,1784.11,599(6-12)2x1,,PREMIUM,51,BLOQUEOS_COMPARTIR
QUALTON IXTAPA,,Ixtapa,2026-12-04,2026-12-06,SGL,3198.0,479.7,2718.3,2854.22,2956.97,2854.22,599(6-12)2x1,,PREMIUM,82,BLOQUEOS_COMPARTIR
QUALTON IXTAPA,,Ixtapa,2026-12-04,2026-12-06,TPL,1899.0,284.85,1614.15,1694.86,1755.87,1694.86,599(6-12)2x1,,PREMIUM,48,BLOQUEOS_COMPARTIR
AZUL IXTAPA,,Ixtapa,2026-12-06,2026-12-08,DBL,2599.0,389.85,2209.15,2319.61,2403.12,2319.61,GRATIS(0-12),DESAYUNO A LA LLEGADA,PREMIUM,66,BLOQUEOS_COMPARTIR
AZUL IXTAPA,,Ixtapa,2026-12-06,2026-12-08,SGL,3649.0,547.35,3101.65,3256.73,3373.97,3256.73,GRATIS(0-12),DESAYUNO A LA LLEGADA,PREMIUM,93,BLOQUEOS_COMPARTIR
AZUL IXTAPA,,Ixtapa,2026-12-06,2026-12-08,TPL,2432.0,364.8,2067.2,2170.56,2248.7,2170.56,GRATIS(0-12),DESAYUNO A LA LLEGADA,PREMIUM,62,BLOQUEOS_COMPARTIR
EMPORIO IXTAPA,,Ixtapa,2026-12-06,2026-12-08,DBL,2015.0,302.25,1712.75,1798.39,1863.13,1798.39,819(6-12)2x1,"EARLY CHECK IN PARA USO DE INSTALACIONES, NO INCLUYE DESAYUNO(ENTREGAD DE HABITACIONES 15:00 HRS)",PREMIUM,51,BLOQUEOS_COMPARTIR
EMPORIO IXTAPA,,Ixtapa,2026-12-06,2026-12-08,SGL,3223.0,483.45,2739.55,2876.53,2980.09,2876.53,819(6-12)2x1,"EARLY CHECK IN PARA USO DE INSTALACIONES, NO INCLUYE DESAYUNO(ENTREGAD DE HABITACIONES 15:00 HRS)",PREMIUM,82,BLOQUEOS_COMPARTIR
EMPORIO IXTAPA,,Ixtapa,2026-12-06,2026-12-08,TPL,1900.0,285.0,1615.0,1695.75,1756.8,1695.75,819(6-12)2x1,"EARLY CHECK IN PARA USO DE INSTALACIONES, NO INCLUYE DESAYUNO(ENTREGAD DE HABITACIONES 15:00 HRS)",PREMIUM,48,BLOQUEOS_COMPARTIR
AZUL GRAND,,Ixtapa,2026-12-11,2026-12-13,DBL,3299.0,494.85,2804.15,2944.36,3050.36,2944.36,699(7-12) 299(3-6),,LUXURY,112,BLOQUEOS_COMPARTIR
AZUL GRAND,,Ixtapa,2026-12-11,2026-12-13,SGL,4599.0,689.85,3909.15,4104.61,4252.38,4104.61,699(7-12) 299(3-6),,LUXURY,156,BLOQUEOS_COMPARTIR
AZUL GRAND,,Ixtapa,2026-12-11,2026-12-13,TPL,3082.0,462.3,2619.7,2750.68,2849.7,2750.68,699(7-12) 299(3-6),,LUXURY,105,BLOQUEOS_COMPARTIR
AZUL IXTAPA,,Ixtapa,2026-12-11,2026-12-13,DBL,2899.0,434.85,2464.15,2587.36,2680.5,2587.36,599(7-12) 199(3-6),,PREMIUM,74,BLOQUEOS_COMPARTIR
AZUL IXTAPA,,Ixtapa,2026-12-11,2026-12-13,SGL,4049.0,607.35,3441.65,3613.73,3743.82,3613.73,599(7-12) 199(3-6),,PREMIUM,103,BLOQUEOS_COMPARTIR
AZUL IXTAPA,,Ixtapa,2026-12-11,2026-12-13,TPL,2699.0,404.85,2294.15,2408.86,2495.58,2408.86,599(7-12) 199(3-6),,PREMIUM,69,BLOQUEOS_COMPARTIR
BRISAS IXTAPA,,Ixtapa,2026-12-11,2026-12-13,DBL,2719.0,407.85,2311.15,2426.71,2514.07,2426.71,1125(7-12)2X1,,PREMIUM,69,BLOQUEOS_COMPARTIR
BRISAS IXTAPA,,Ixtapa,2026-12-11,2026-12-13,SGL,4313.0,646.95,3666.05,3849.35,3987.93,3849.35,1125(7-12)2X1,,PREMIUM,110,BLOQUEOS_COMPARTIR
BRISAS IXTAPA,,Ixtapa,2026-12-11,2026-12-13,TPL,2404.0,360.6,2043.4,2145.57,2222.81,2145.57,1125(7-12)2X1,,PREMIUM,61,BLOQUEOS_COMPARTIR
EMPORIO IXTAPA / CAMA KING,,Ixtapa,2026-12-11,2026-12-13,DBL,2015.0,302.25,1712.75,1798.39,1863.13,1798.39,819(6-12),,PREMIUM,51,BLOQUEOS_COMPARTIR
EMPORIO IXTAPA / CAMA KING,,Ixtapa,2026-12-11,2026-12-13,SGL,3223.0,483.45,2739.55,2876.53,2980.09,2876.53,819(6-12),,PREMIUM,82,BLOQUEOS_COMPARTIR
FONTAN IXTAPA,,Ixtapa,2026-12-11,2026-12-13,DBL,1875.0,281.25,1593.75,1673.44,1733.68,1673.44,490(6-12)2x1,DESAYUNO AMERICANO A LA LLEGADA,ESTANDAR,32,BLOQUEOS_COMPARTIR
FONTAN IXTAPA,,Ixtapa,2026-12-11,2026-12-13,SGL,3435.0,515.25,2919.75,3065.74,3176.11,3065.74,490(6-12)2x1,DESAYUNO AMERICANO A LA LLEGADA,ESTANDAR,58,BLOQUEOS_COMPARTIR
FONTAN IXTAPA,,Ixtapa,2026-12-11,2026-12-13,TPL,1730.0,259.5,1470.5,1544.03,1599.62,1544.03,490(6-12)2x1,DESAYUNO AMERICANO A LA LLEGADA,ESTANDAR,29,BLOQUEOS_COMPARTIR
Holiday Inn Resort Ixtapa,,Ixtapa,2026-12-11,2026-12-13,DBL,2594,389.1,2204.9,2315.14,2398.49,2315.14,GRATIS (0-12 años),Early check in + Menores Gratis 0-12,PREMIUM,66,MONARCA_FLYER
Holiday Inn Resort Ixtapa,,Ixtapa,2026-12-11,2026-12-13,SGL,5187.5,778.12,4409.38,4629.85,4796.52,4629.85,GRATIS (0-12 años),Early check in + Menores Gratis 0-12,PREMIUM,132,MONARCA_FLYER
Holiday Inn Resort Ixtapa,,Ixtapa,2026-12-11,2026-12-13,TPL,2594,389.1,2204.9,2315.14,2398.49,2315.14,GRATIS (0-12 años),Early check in + Menores Gratis 0-12,PREMIUM,66,MONARCA_FLYER
QUALTON IXTAPA,,Ixtapa,2026-12-11,2026-12-13,DBL,1999.0,299.85,1699.15,1784.11,1848.34,1784.11,599(6-12)2x1,,PREMIUM,51,BLOQUEOS_COMPARTIR
QUALTON IXTAPA,,Ixtapa,2026-12-11,2026-12-13,SGL,3198.0,479.7,2718.3,2854.22,2956.97,2854.22,599(6-12)2x1,,PREMIUM,82,BLOQUEOS_COMPARTIR
QUALTON IXTAPA,,Ixtapa,2026-12-11,2026-12-13,TPL,1899.0,284.85,1614.15,1694.86,1755.87,1694.86,599(6-12)2x1,,PREMIUM,48,BLOQUEOS_COMPARTIR
AZUL GRAND,,Ixtapa,2026-12-13,2026-12-15,DBL,3299.0,494.85,2804.15,2944.36,3050.36,2944.36,GRATIS(0-12),DESAYUNO A LA LLEGADA,LUXURY,112,BLOQUEOS_COMPARTIR
AZUL GRAND,,Ixtapa,2026-12-13,2026-12-15,SGL,4599.0,689.85,3909.15,4104.61,4252.38,4104.61,GRATIS(0-12),DESAYUNO A LA LLEGADA,LUXURY,156,BLOQUEOS_COMPARTIR
AZUL GRAND,,Ixtapa,2026-12-13,2026-12-15,TPL,3082.0,462.3,2619.7,2750.68,2849.7,2750.68,GRATIS(0-12),DESAYUNO A LA LLEGADA,LUXURY,105,BLOQUEOS_COMPARTIR
AZUL IXTAPA,,Ixtapa,2026-12-13,2026-12-15,DBL,2899.0,434.85,2464.15,2587.36,2680.5,2587.36,GRATIS(0-12),DESAYUNO A LA LLEGADA,PREMIUM,74,BLOQUEOS_COMPARTIR
AZUL IXTAPA,,Ixtapa,2026-12-13,2026-12-15,SGL,4049.0,607.35,3441.65,3613.73,3743.82,3613.73,GRATIS(0-12),DESAYUNO A LA LLEGADA,PREMIUM,103,BLOQUEOS_COMPARTIR
AZUL IXTAPA,,Ixtapa,2026-12-13,2026-12-15,TPL,2699.0,404.85,2294.15,2408.86,2495.58,2408.86,GRATIS(0-12),DESAYUNO A LA LLEGADA,PREMIUM,69,BLOQUEOS_COMPARTIR
EMPORIO IXTAPA / CAMA KING,,Ixtapa,2026-12-13,2026-12-15,DBL,2015.0,302.25,1712.75,1798.39,1863.13,1798.39,819(6-112),,PREMIUM,51,BLOQUEOS_COMPARTIR
EMPORIO IXTAPA / CAMA KING,,Ixtapa,2026-12-13,2026-12-15,SGL,3223.0,483.45,2739.55,2876.53,2980.09,2876.53,819(6-112),,PREMIUM,82,BLOQUEOS_COMPARTIR
EMPORIO IXTAPA / CAMA KING,,Ixtapa,2026-12-13,2026-12-15,TPL,1900.0,285.0,1615.0,1695.75,1756.8,1695.75,819(6-112),,PREMIUM,48,BLOQUEOS_COMPARTIR
EMPORIO IXTAPA / VISTA AL MAR,,Ixtapa,2026-12-13,2026-12-15,DBL,2225.0,333.75,1891.25,1985.81,2057.3,1985.81,819(6-112),,PREMIUM,57,BLOQUEOS_COMPARTIR
EMPORIO IXTAPA / VISTA AL MAR,,Ixtapa,2026-12-13,2026-12-15,SGL,3643.0,546.45,3096.55,3251.38,3368.43,3251.38,819(6-112),,PREMIUM,93,BLOQUEOS_COMPARTIR
EMPORIO IXTAPA / VISTA AL MAR,,Ixtapa,2026-12-13,2026-12-15,TPL,2040.0,306.0,1734.0,1820.7,1886.25,1820.7,819(6-112),,PREMIUM,52,BLOQUEOS_COMPARTIR
Hotel Xcaret Mexico,,Riviera Maya,2026-12-14,2026-12-17,DBL,7660.0,1149.0,6511.0,6836.55,7082.67,6836.55,MNR 6-17 GRATIS,,PREMIUM PLUS,260,BLOQUEOS_CLICK
Hotel Xcaret Mexico,,Riviera Maya,2026-12-14,2026-12-17,SGL,15319.0,2297.85,13021.15,13672.21,14164.41,13672.21,MNR 6-17 GRATIS,,PREMIUM PLUS,521,BLOQUEOS_CLICK
Hotel Xcaret Mexico,,Riviera Maya,2026-12-14,2026-12-17,TPL,7405.0,1110.75,6294.25,6608.96,6846.88,6608.96,MNR 6-17 GRATIS,,PREMIUM PLUS,252,BLOQUEOS_CLICK
EMPORIO IXTAPA,,Ixtapa,2026-12-17,2026-12-20,DBL,2669.0,400.35,2268.65,2382.08,2467.83,2382.08,819(6-12),,PREMIUM,68,BLOQUEOS_COMPARTIR
EMPORIO IXTAPA,,Ixtapa,2026-12-17,2026-12-20,SGL,4270.0,640.5,3629.5,3810.98,3948.18,3810.98,819(6-12),,PREMIUM,109,BLOQUEOS_COMPARTIR
EMPORIO IXTAPA,,Ixtapa,2026-12-17,2026-12-20,TPL,2336.0,350.4,1985.6,2084.88,2159.94,2084.88,819(6-12),,PREMIUM,60,BLOQUEOS_COMPARTIR
EMPORIO IXTAPA / VISTA AL MAR,,Ixtapa,2026-12-17,2026-12-20,DBL,2879.0,431.85,2447.15,2569.51,2662.01,2569.51,819(6-12),,PREMIUM,73,BLOQUEOS_COMPARTIR
EMPORIO IXTAPA / VISTA AL MAR,,Ixtapa,2026-12-17,2026-12-20,SGL,4690.0,703.5,3986.5,4185.82,4336.51,4185.82,819(6-12),,PREMIUM,120,BLOQUEOS_COMPARTIR
EMPORIO IXTAPA / VISTA AL MAR,,Ixtapa,2026-12-17,2026-12-20,TPL,2476.0,371.4,2104.6,2209.83,2289.38,2209.83,819(6-12),,PREMIUM,63,BLOQUEOS_COMPARTIR
AZUL GRAND,,Ixtapa,2026-12-18,2026-12-20,DBL,3299.0,494.85,2804.15,2944.36,3050.36,2944.36,699(7-12) 299(3-6),,LUXURY,112,BLOQUEOS_COMPARTIR
AZUL GRAND,,Ixtapa,2026-12-18,2026-12-20,SGL,4599.0,689.85,3909.15,4104.61,4252.38,4104.61,699(7-12) 299(3-6),,LUXURY,156,BLOQUEOS_COMPARTIR
AZUL GRAND,,Ixtapa,2026-12-18,2026-12-20,TPL,3082.0,462.3,2619.7,2750.68,2849.7,2750.68,699(7-12) 299(3-6),,LUXURY,105,BLOQUEOS_COMPARTIR
AZUL IXTAPA,,Ixtapa,2026-12-18,2026-12-20,DBL,2899.0,434.85,2464.15,2587.36,2680.5,2587.36,599(7-12) 199(3-6),,PREMIUM,74,BLOQUEOS_COMPARTIR
AZUL IXTAPA,,Ixtapa,2026-12-18,2026-12-20,SGL,4049.0,607.35,3441.65,3613.73,3743.82,3613.73,599(7-12) 199(3-6),,PREMIUM,103,BLOQUEOS_COMPARTIR
AZUL IXTAPA,,Ixtapa,2026-12-18,2026-12-20,TPL,2699.0,404.85,2294.15,2408.86,2495.58,2408.86,599(7-12) 199(3-6),,PREMIUM,69,BLOQUEOS_COMPARTIR
FONTAN IXTAPA,,Ixtapa,2026-12-18,2026-12-20,DBL,2050.0,307.5,1742.5,1829.62,1895.49,1829.62,490(6-12)2x1,DESAYUNO AMERICANO A LA LLEGADA,ESTANDAR,35,BLOQUEOS_COMPARTIR
FONTAN IXTAPA,,Ixtapa,2026-12-18,2026-12-20,SGL,3396.0,509.4,2886.6,3030.93,3140.04,3030.93,490(6-12)2x1,DESAYUNO AMERICANO A LA LLEGADA,ESTANDAR,58,BLOQUEOS_COMPARTIR
FONTAN IXTAPA,,Ixtapa,2026-12-18,2026-12-20,TPL,2000.0,300.0,1700.0,1785.0,1849.26,1785.0,490(6-12)2x1,DESAYUNO AMERICANO A LA LLEGADA,ESTANDAR,34,BLOQUEOS_COMPARTIR
Holiday Inn Resort Ixtapa,,Ixtapa,2026-12-18,2026-12-20,DBL,2688.0,403.2,2284.8,2399.04,2485.41,2399.04,MNR 6-12 GRATIS,,PREMIUM,69,BLOQUEOS_CLICK
Holiday Inn Resort Ixtapa,,Ixtapa,2026-12-18,2026-12-20,SGL,5375.0,806.25,4568.75,4797.19,4969.89,4797.19,MNR 6-12 GRATIS,,PREMIUM,137,BLOQUEOS_CLICK
Holiday Inn Resort Ixtapa,,Ixtapa,2026-12-18,2026-12-20,TPL,2688.0,403.2,2284.8,2399.04,2485.41,2399.04,MNR 6-12 GRATIS,,PREMIUM,69,BLOQUEOS_CLICK
EMPORIO IXTAPA / VISTA AL MAR,,Ixtapa,2026-12-20,2026-12-22,DBL,2879.0,431.85,2447.15,2569.51,2662.01,2569.51,819(6-12),,PREMIUM,73,BLOQUEOS_COMPARTIR
EMPORIO IXTAPA / VISTA AL MAR,,Ixtapa,2026-12-20,2026-12-22,SGL,4690.0,703.5,3986.5,4185.82,4336.51,4185.82,819(6-12),,PREMIUM,120,BLOQUEOS_COMPARTIR
EMPORIO IXTAPA / VISTA AL MAR,,Ixtapa,2026-12-20,2026-12-22,TPL,2476.0,371.4,2104.6,2209.83,2289.38,2209.83,819(6-12),,PREMIUM,63,BLOQUEOS_COMPARTIR
FONTAN IXTAPA,,Ixtapa,2026-12-20,2026-12-22,DBL,2137.0,320.55,1816.45,1907.27,1975.93,1907.27,490(6-12)2x1,DESAYUNO AMERICANO A LA LLEGADA,ESTANDAR,36,BLOQUEOS_COMPARTIR
FONTAN IXTAPA,,Ixtapa,2026-12-20,2026-12-22,SGL,3473.0,520.95,2952.05,3099.65,3211.24,3099.65,490(6-12)2x1,DESAYUNO AMERICANO A LA LLEGADA,ESTANDAR,59,BLOQUEOS_COMPARTIR
FONTAN IXTAPA,,Ixtapa,2026-12-20,2026-12-22,TPL,2058.0,308.7,1749.3,1836.77,1902.89,1836.77,490(6-12)2x1,DESAYUNO AMERICANO A LA LLEGADA,ESTANDAR,35,BLOQUEOS_COMPARTIR
FONTAN IXTAPA,,Ixtapa,2026-12-23,2026-12-25,DBL,2545.0,381.75,2163.25,2271.41,2353.18,2271.41,490(06-12)2x1,,ESTANDAR,43,BLOQUEOS_COMPARTIR
FONTAN IXTAPA,,Ixtapa,2026-12-23,2026-12-25,SGL,4500.0,675.0,3825.0,4016.25,4160.84,4016.25,490(06-12)2x1,,ESTANDAR,76,BLOQUEOS_COMPARTIR
FONTAN IXTAPA,,Ixtapa,2026-12-23,2026-12-25,TPL,2525.0,378.75,2146.25,2253.56,2334.69,2253.56,490(06-12)2x1,,ESTANDAR,43,BLOQUEOS_COMPARTIR
Costa Club Punta Arena,,Puerto Vallarta,2026-12-24,2026-12-27,DBL,2250.0,337.5,1912.5,2008.12,2080.41,2008.12,MNR 6-12 GRATIS,,PREMIUM,57,BLOQUEOS_CLICK
Costa Club Punta Arena,,Puerto Vallarta,2026-12-24,2026-12-27,SGL,3375.0,506.25,2868.75,3012.19,3120.63,3012.19,MNR 6-12 GRATIS,,PREMIUM,86,BLOQUEOS_CLICK
Costa Club Punta Arena,,Puerto Vallarta,2026-12-24,2026-12-27,TPL,2230.0,334.5,1895.5,1990.28,2061.93,1990.28,MNR 6-12 GRATIS,,PREMIUM,57,BLOQUEOS_CLICK
QUALTON IXTAPA,,Ixtapa,2026-12-24,2026-12-27,DBL,2599.0,389.85,2209.15,2319.61,2403.12,2319.61,699(6-12),,PREMIUM,66,BLOQUEOS_COMPARTIR
QUALTON IXTAPA,,Ixtapa,2026-12-24,2026-12-27,SGL,4398.0,659.7,3738.3,3925.22,4066.53,3925.22,699(6-12),,PREMIUM,112,BLOQUEOS_COMPARTIR
QUALTON IXTAPA,,Ixtapa,2026-12-24,2026-12-27,TPL,2499.0,374.85,2124.15,2230.36,2310.65,2230.36,699(6-12),,PREMIUM,64,BLOQUEOS_COMPARTIR
FONTAN IXTAPA,,Ixtapa,2026-12-27,2026-12-29,DBL,3181.0,477.15,2703.85,2839.04,2941.25,2839.04,490(6-12),,ESTANDAR,54,BLOQUEOS_COMPARTIR
FONTAN IXTAPA,,Ixtapa,2026-12-27,2026-12-29,SGL,5625.0,843.75,4781.25,5020.31,5201.04,5020.31,490(6-12),,ESTANDAR,96,BLOQUEOS_COMPARTIR
FONTAN IXTAPA,,Ixtapa,2026-12-27,2026-12-29,TPL,3156.0,473.4,2682.6,2816.73,2918.13,2816.73,490(6-12),,ESTANDAR,54,BLOQUEOS_COMPARTIR
QUALTON IXTAPA,,Ixtapa,2026-12-27,2026-12-30,DBL,2599.0,389.85,2209.15,2319.61,2403.12,2319.61,699(6-12),,PREMIUM,66,BLOQUEOS_COMPARTIR
QUALTON IXTAPA,,Ixtapa,2026-12-27,2026-12-30,SGL,4398.0,659.7,3738.3,3925.22,4066.53,3925.22,699(6-12),,PREMIUM,112,BLOQUEOS_COMPARTIR
QUALTON IXTAPA,,Ixtapa,2026-12-27,2026-12-30,TPL,2499.0,374.85,2124.15,2230.36,2310.65,2230.36,699(6-12),,PREMIUM,64,BLOQUEOS_COMPARTIR
Holiday Inn Resort Ixtapa,,Ixtapa,2026-12-29,2027-01-01,DBL,4399.0,659.85,3739.15,3926.11,4067.45,3926.11,MNR 6-12 GRATIS,,PREMIUM,112,BLOQUEOS_CLICK
Holiday Inn Resort Ixtapa,,Ixtapa,2026-12-29,2027-01-01,SGL,8798.0,1319.7,7478.3,7852.22,8134.9,7852.22,MNR 6-12 GRATIS,,PREMIUM,224,BLOQUEOS_CLICK
Holiday Inn Resort Ixtapa,,Ixtapa,2026-12-29,2027-01-01,TPL,4399.0,659.85,3739.15,3926.11,4067.45,3926.11,MNR 6-12 GRATIS,,PREMIUM,112,BLOQUEOS_CLICK
